SimulatedTime(s),RealTime(s)
0,1.087
60,1.118
120,1.155
180,1.185
240,1.221
300,1.257
360,1.292
420,1.333
480,1.366
540,1.379
600,1.417
660,1.512
720,1.524
780,1.501
840,1.537
900,1.578
960,1.622
1020,1.644
1080,1.697
1140,1.712
1200,1.785
1260,1.787
1320,1.812
1380,1.869
1440,1.91
1500,1.935
1560,1.969
1620,2.034
1680,2.139
1740,2.112
1800,2.301
1860,5.701
1920,5.462
1980,2.46
2040,2.259
2100,2.222
2160,2.301
2220,2.294
2280,2.351
2340,2.45
2400,2.466
2460,2.451
2520,2.485
2580,2.495
2640,2.579
2700,2.699
2760,2.634
2820,2.603
2880,2.665
2940,2.804
3000,2.709
3060,2.948
3120,9.722
3180,4.355
3240,2.919
3300,3.205
3360,3.077
3420,3.127
3480,2.974
3540,3.056
3600,3.097
3660,3.15
3720,3.152
3780,3.221
3840,3.46
3900,3.61
3960,3.469
4020,3.251
4080,9.36
4140,5.972
4200,3.432
4260,3.557
4320,3.475
4380,3.465
4440,3.578
4500,3.483
4560,3.504
4620,3.673
4680,3.668
4740,3.765
4800,3.82
4860,3.695
4920,3.823
4980,11.883
5040,3.843
5100,3.907
5160,3.871
5220,3.872
5280,3.877
5340,3.89
5400,3.989
5460,3.97
5520,4.009
5580,4.2
5640,4.174
5700,4.451
5760,13.022
5820,4.159
5880,4.185
5940,4.195
6000,4.298
6060,4.23
6120,4.297
6180,4.304
6240,4.399
6300,4.417
6360,4.499
6420,7.983
6480,10.344
6540,4.638
6600,4.773
6660,4.724
6720,4.599
6780,4.587
6840,4.741
6900,4.852
6960,4.88
7020,4.789
7080,14.258
7140,4.795
7200,5.111
7260,5.36
7320,5.482
7380,5.025
7440,5.14
7500,5.03
7560,5.003
7620,5.116
7680,14.549
7740,5.121
7800,5.186
7860,5.226
7920,5.286
7980,5.271
8040,5.355
8100,5.402
8160,5.477
8220,5.904
8280,15.366
8340,5.405
8400,5.545
8460,5.501
8520,5.479
8580,5.512
8640,5.553
8700,5.639
8760,5.705
8820,14.339
8880,5.678
8940,5.745
9000,5.872
9060,5.846
9120,5.882
9180,5.923
9240,5.949
9300,10.569
9360,9.192
9420,6.038
9480,5.98
9540,6.019
9600,6.037
9660,6.153
9720,6.111
9780,6.156
9840,15.573
9900,6.172
9960,6.246
10020,6.329
10080,6.278
10140,6.339
10200,6.458
10260,6.413
10320,15.949
10380,6.505
10440,6.49
10500,6.601
10560,6.629
10620,6.609
10680,6.61
10740,6.805
10800,15.984
10860,6.815
10920,6.745
10980,6.778
11040,6.832
11100,6.819
11160,6.922
11220,16.225
11280,6.941
11340,7.069
11400,6.997
11460,7.019
11520,7.084
11580,7.117
11640,15.848
11700,7.116
11760,7.297
11820,7.201
11880,7.227
11940,7.347
12000,7.329
12060,13.825
12120,8.892
12180,7.457
12240,7.422
12300,7.437
12360,7.553
12420,7.524
12480,15.505
12540,8.084
12600,7.601
12660,7.623
12720,7.685
12780,7.746
12840,7.738
12900,17.811
12960,7.884
13020,7.864
13080,7.826
13140,7.873
13200,7.961
13260,14.615
13320,9.642
13380,8.006
13440,8.003
13500,8.196
13560,8.083
13620,8.178
13680,17.432
13740,8.179
13800,8.232
13860,8.334
13920,8.298
13980,8.312
14040,17.72
14100,8.364
14160,8.464
14220,8.514
14280,8.447
14340,8.575
14400,17.669
14460,8.595
14520,8.661
14580,8.65
14640,8.71
14700,8.759
14760,17.99
14820,8.73
14880,8.83
14940,8.844
15000,8.812
15060,9.049
15120,17.269
15180,8.971
15240,9.045
15300,9.029
15360,9.054
15420,18.62
15480,9.212
15540,9.241
15600,9.236
15660,9.257
15720,9.311
15780,18.487
15840,9.422
15900,9.397
15960,9.403
16020,9.446
16080,19.23
16140,9.523
16200,9.54
16260,9.573
16320,9.581
16380,18.609
16440,10.071
16500,10.417
16560,9.708
16620,9.748
16680,11.403
16740,16.638
16800,9.866
16860,9.86
16920,9.889
16980,9.971
17040,19.697
17100,9.997
17160,10.008
17220,10.066
17280,10.059
17340,19.811
17400,10.161
17460,10.129
17520,10.201
17580,10.249
17640,19.912
17700,10.325
17760,10.574
17820,10.376
17880,10.802
17940,18.556
18000,10.538
18060,10.477
18120,10.548
18180,16.637
18240,13.056
18300,10.612
18360,10.66
18420,10.66
18480,20.329
18540,10.735
18600,10.747
18660,10.813
18720,10.826
18780,20.602
18840,10.941
18900,10.953
18960,10.975
19020,11.79
19080,18.773
19140,11.049
19200,11.08
19260,11.277
19320,22.292
19380,11.207
19440,11.248
19500,11.26
19560,17.091
19620,15.74
19680,11.63
19740,11.614
19800,11.799
19860,23.345
19920,11.597
19980,11.852
20040,11.938
20100,23.097
20160,11.972
20220,12.323
20280,12.145
20340,23.542
20400,11.841
20460,11.962
20520,11.776
20580,22.093
20640,11.824
20700,11.821
20760,11.86
20820,22.214
20880,12.028
20940,11.988
21000,11.994
21060,22.408
21120,12.199
21180,12.206
21240,12.382
21300,24.683
21360,12.641
21420,12.36
21480,12.225
21540,24.205
21600,12.471
21660,12.547
21720,12.624
21780,23.565
21840,12.426
21900,12.478
21960,12.556
22020,25.266
22080,12.707
22140,12.826
22200,12.767
22260,23.746
22320,12.929
22380,12.874
22440,13.692
22500,22.952
22560,13.094
22620,13.19
22680,28.203
22740,13.655
22800,12.993
22860,13.248
22920,26.378
22980,14.139
23040,13.05
23100,25.317
23160,13.34
23220,13.144
23280,13.193
23340,26.54
23400,13.853
23460,13.711
23520,30.214
23580,13.338
23640,13.341
23700,20.377
23760,18.511
23820,13.422
23880,13.489
23940,26.476
24000,13.568
24060,13.622
24120,19.092
24180,19.797
24240,13.86
24300,14.02
24360,26.841
24420,13.88
24480,13.937
24540,26.221
24600,14.351
24660,14.152
24720,14.084
24780,27.391
24840,14.336
24900,14.892
24960,28.027
25020,14.204
25080,14.356
25140,27.996
25200,15.024
25260,14.913
25320,28.142
25380,14.392
25440,15.071
25500,25.827
25560,17.527
25620,14.737
25680,16.855
25740,28.359
25800,15.291
25860,16.773
25920,31.051
25980,16.256
26040,29.627
26100,16.029
26160,18.97
26220,36.497
26280,16.328
26340,30.497
26400,15.962
26460,16.867
26520,35.932
26580,15.484
26640,15.609
26700,30.896
26760,15.7
26820,15.361
26880,30.5
26940,15.579
27000,20.711
27060,26.831
27120,16.02
27180,28.839
27240,15.356
27300,15.447
27360,29.852
27420,15.346
27480,15.341
27540,31.204
27600,16.823
27660,15.755
27720,30.549
27780,15.542
27840,15.493
27900,29.656
27960,15.534
28020,15.653
28080,29.742
28140,15.784
28200,18.04
28260,39.053
28320,17.655
28380,32.049
28440,16.917
28500,21.918
28560,25.333
28620,16.505
28680,31.637
28740,16.377
28800,16.626
28860,32.192
28920,16.652
28980,16.543
29040,30.31
29100,16.375
29160,22.896
29220,22.248
29280,16.488
29340,29.081
29400,16.459
29460,16.593
29520,28.086
29580,16.674
29640,16.664
29700,28.361
29760,17.753
29820,17.004
29880,37.762
29940,17.015
30000,32.759
30060,18.053
30120,17.546
30180,32.917
30240,17.363
30300,32.985
30360,17.36
30420,17.452
30480,33.428
30540,17.512
30600,33.433
30660,18.368
30720,18.299
30780,34.788
30840,17.827
30900,33.949
30960,17.817
31020,18.06
31080,34.187
31140,18.089
31200,34.191
31260,20.385
31320,36.316
31380,19.15
31440,18.618
31500,34.999
31560,18.568
31620,34.847
31680,18.611
31740,34.429
31800,19.016
31860,18.622
31920,34.804
31980,18.703
32040,36.089
32100,19.111
32160,37.342
32220,19.127
32280,35.227
32340,20.202
32400,19.47
32460,36.085
32520,19.702
32580,36.371
32640,19.463
32700,35.599
32760,19.807
32820,36.208
32880,19.543
32940,20.476
33000,34.953
33060,19.841
33120,36.669
33180,19.787
33240,36.68
33300,19.677
33360,36.398
33420,20.002
33480,37.272
33540,20.085
33600,35.811
33660,20.818
33720,20.449
33780,36.595
33840,20.085
33900,36.69
33960,20.4
34020,36.739
34080,20.378
34140,37.067
34200,22.305
34260,39.522
34320,21.778
34380,38.609
34440,23.403
34500,38.944
34560,21.126
34620,38.458
34680,21.016
34740,38.723
34800,21.332
34860,39.146
34920,21.895
34980,38.979
35040,21.129
35100,38.587
35160,21.244
35220,38.195
35280,21.375
35340,38.063
35400,21.396
35460,37.979
35520,21.457
35580,37.892
35640,21.699
35700,38.552
35760,21.703
35820,38.593
35880,21.834
35940,39.998
36000,21.864
36060,38.331
36120,21.726
36180,38.44
36240,22.012
36300,38.973
36360,22.028
36420,39.059
36480,21.827
36540,38.648
36600,21.802
36660,38.678
36720,22.031
36780,39.016
36840,22.141
36900,39.195
36960,24.047
37020,36.051
37080,26.09
37140,36.211
37200,36.584
37260,23.878
37320,38.829
37380,22.457
37440,38.5
37500,22.308
37560,38.57
37620,22.002
37680,39.331
37740,22.765
37800,39.871
37860,23.343
37920,37.186
37980,22.627
38040,41.817
38100,21.716
38160,40.158
38220,21.866
38280,38.492
38340,22.041
38400,36.322
38460,21.872
38520,38.774
38580,22.856
38640,41.479
38700,22.642
38760,37.902
38820,21.782
38880,38.288
38940,22.423
39000,38.752
39060,27.625
39120,33.552
39180,40.961
39240,23.704
39300,42.32
39360,25.97
39420,39.234
39480,23.214
39540,40.533
39600,23.857
39660,42.313
39720,42.324
39780,24.326
39840,43.056
39900,27.776
39960,40.741
40020,49.698
40080,24.945
40140,43.042
40200,38.131
40260,30.307
40320,44.892
40380,25.441
40440,46.705
40500,45.397
40560,25.815
40620,43.452
40680,38.382
40740,31.055
40800,45.464
40860,26.118
40920,44.128
40980,44.009
41040,25.92
41100,45.597
41160,45.786
41220,25.918
41280,45.081
41340,34.843
41400,34.543
41460,46.796
41520,25.452
41580,43.663
41640,44.956
41700,25.555
41760,41.261
41820,24.394
41880,41.873
41940,42.21
42000,25.103
42060,42.563
42120,23.763
42180,40.202
42240,24.519
42300,43.097
42360,42.239
42420,31.398
42480,47.809
42540,47.253
42600,26.145
42660,44.082
42720,43.43
42780,26.834
42840,48.232
42900,46.863
42960,27.94
43020,47.931
43080,48.635
43140,27.635
43200,46.536
43260,44.233
43320,28.722
43380,44.584
43440,43.6
43500,26.83
43560,43.716
43620,41.341
43680,33.022
43740,41.886
43800,26.703
43860,44.303
43920,41.665
43980,26.16
44040,43.089
44100,25.479
44160,42.198
44220,45.468
44280,27.122
44340,46.109
44400,46.122
44460,27.823
44520,48.4
44580,47.187
44640,28.046
44700,45.565
44760,45.458
44820,28.996
44880,44.946
44940,47.743
45000,29.236
45060,48.457
45120,44.857
45180,25.43
45240,38.646
45300,26.683
45360,33.374
45420,28.41
45480,34.751
45540,43.846
45600,25.817
45660,39.334
45720,26.32
45780,38.86
45840,25.703
45900,45.768
45960,46.404
46020,27.452
46080,41.913
46140,38.955
46200,25.268
46260,35.976
46320,25.337
46380,36.853
46440,25.452
46500,36.548
46560,25.538
46620,36.378
46680,25.589
46740,36.254
46800,25.631
46860,36.514
46920,25.695
46980,36.576
47040,25.757
47100,36.746
47160,32.19
47220,29.466
47280,37.349
47340,26.589
47400,37.355
47460,26.098
47520,37.0
47580,26.117
47640,37.377
47700,26.121
47760,37.21
47820,26.325
47880,37.323
47940,26.272
48000,37.274
48060,36.132
48120,26.577
48180,37.603
48240,26.531
48300,37.54
48360,26.468
48420,38.233
48480,26.664
48540,38.557
48600,26.567
48660,38.921
48720,37.165
48780,26.764
48840,37.993
48900,26.766
48960,40.468
49020,27.74
49080,43.35
49140,43.048
49200,27.7
49260,43.133
49320,27.686
49380,43.058
49440,43.411
49500,28.887
49560,44.118
49620,45.864
49680,29.69
49740,44.681
49800,46.896
49860,33.08
49920,47.271
49980,43.12
50040,27.579
50100,41.354
50160,40.542
50220,27.715
50280,40.884
50340,27.244
50400,39.02
50460,27.408
50520,39.469
50580,39.896
50640,27.322
50700,39.313
50760,28.596
50820,42.913
50880,41.547
50940,27.515
51000,38.002
51060,27.626
51120,37.488
51180,27.717
51240,38.591
51300,42.123
51360,28.207
51420,40.561
51480,27.743
51540,39.708
51600,33.537
51660,33.301
51720,39.063
51780,27.846
51840,38.105
51900,27.859
51960,38.464
52020,28.788
52080,39.706
52140,41.334
52200,28.803
52260,40.812
52320,28.15
52380,38.796
52440,39.227
52500,28.413
52560,38.375
52620,28.307
52680,39.777
52740,31.597
52800,37.661
52860,40.375
52920,28.722
52980,40.482
53040,28.654
53100,38.29
53160,38.806
53220,28.716
53280,40.469
53340,28.797
53400,40.228
53460,39.945
53520,28.841
53580,39.296
53640,28.998
53700,39.346
53760,29.623
53820,37.73
53880,39.171
53940,29.063
54000,38.97
54060,29.142
54120,39.747
54180,39.096
54240,29.208
54300,39.292
54360,29.238
54420,39.506
54480,30.969
54540,37.31
54600,39.373
54660,29.357
54720,39.383
54780,29.824
54840,39.65
54900,39.74
54960,29.598
55020,39.666
55080,29.581
55140,40.195
55200,41.156
55260,29.738
55320,39.981
55380,29.834
55440,39.984
55500,40.097
55560,30.032
55620,40.152
55680,36.768
55740,37.287
55800,40.796
55860,30.429
55920,40.675
55980,40.55
56040,30.113
56100,40.229
56160,30.085
56220,39.986
56280,40.371
56340,30.627
56400,40.382
56460,30.442
56520,40.651
56580,40.985
56640,30.493
56700,40.88
56760,30.837
56820,42.029
56880,41.111
56940,30.642
57000,40.716
57060,40.988
57120,30.614
57180,41.045
57240,30.755
57300,40.851
57360,44.321
57420,61.457
57480,46.656
57540,43.331
57600,54.898
57660,55.617
57720,56.173
57780,57.154
57840,57.276
57900,57.276
57960,57.955
58020,57.851
58080,57.98
58140,58.528
58200,58.716
58260,57.053
58320,56.995
58380,54.237
58440,48.22
58500,57.284
58560,57.4
58620,57.655
58680,57.936
58740,57.608
58800,57.426
58860,56.963
58920,57.126
58980,61.086
59040,52.889
59100,41.832
59160,31.773
59220,43.341
59280,41.134
59340,32.671
59400,43.371
59460,31.905
59520,42.542
59580,42.754
59640,32.396
59700,42.992
59760,43.237
59820,32.45
59880,43.237
59940,43.208
60000,32.6
60060,43.264
60120,43.356
60180,32.748
60240,43.311
60300,43.472
60360,32.785
60420,43.479
60480,43.572
60540,32.855
60600,43.39
60660,43.473
60720,33.007
60780,44.091
60840,43.855
60900,33.085
60960,43.8
61020,43.908
61080,33.179
61140,43.921
61200,44.07
61260,33.28
61320,44.053
61380,44.135
61440,33.357
61500,44.126
61560,45.149
61620,37.523
61680,39.724
61740,44.822
61800,44.769
61860,33.488
61920,44.649
61980,45.071
62040,33.61
62100,45.009
62160,45.846
62220,34.152
62280,44.57
62340,45.874
62400,33.99
62460,44.852
62520,45.872
62580,44.887
62640,33.839
62700,44.387
62760,45.247
62820,34.026
62880,45.227
62940,45.822
63000,34.038
63060,45.181
63120,45.682
63180,45.669
63240,34.221
63300,45.168
63360,45.522
63420,34.353
63480,45.487
63540,45.798
63600,34.52
63660,44.69
63720,45.922
63780,46.085
63840,34.503
63900,46.023
63960,45.895
64020,34.554
64080,45.541
64140,46.578
64200,46.223
64260,34.718
64320,45.863
64380,45.697
64440,34.861
64500,46.211
64560,46.489
64620,46.665
64680,35.042
64740,46.408
64800,46.208
64860,34.857
64920,44.87
64980,45.486
65040,45.486
65100,34.926
65160,45.427
65220,46.164
65280,34.841
65340,45.433
65400,45.748
65460,45.746
65520,35.019
65580,46.46
65640,47.74
65700,35.506
65760,46.826
65820,47.057
65880,47.012
65940,35.675
66000,46.775
66060,47.22
66120,47.053
66180,35.716
66240,47.077
66300,47.051
66360,42.407
66420,39.673
66480,47.456
66540,46.908
66600,36.091
66660,48.929
66720,48.56
66780,48.19
66840,36.181
66900,46.968
66960,47.468
67020,49.705
67080,38.671
67140,47.993
67200,50.169
67260,50.089
67320,49.959
67380,36.49
67440,50.466
67500,50.337
67560,50.291
67620,50.315
67680,37.104
67740,50.867
67800,50.979
67860,51.365
67920,51.021
67980,37.445
68040,50.858
68100,50.892
68160,51.181
68220,51.035
68280,37.45
68340,50.959
68400,50.698
68460,51.109
68520,51.065
68580,39.274
68640,48.955
68700,53.812
68760,52.634
68820,51.888
68880,52.852
68940,43.401
69000,47.638
69060,51.792
69120,50.738
69180,50.81
69240,50.949
69300,37.386
69360,50.415
69420,50.133
69480,49.673
69540,49.787
69600,37.623
69660,49.086
69720,50.031
69780,49.77
69840,37.722
69900,49.33
69960,50.189
70020,49.345
70080,49.797
70140,37.883
70200,49.615
70260,50.285
70320,50.141
70380,49.837
70440,38.006
70500,48.919
70560,50.638
70620,50.112
70680,46.617
70740,40.551
70800,50.174
70860,50.151
70920,49.439
70980,38.404
71040,49.33
71100,49.368
71160,51.338
71220,51.675
71280,38.429
71340,49.73
71400,50.58
71460,50.337
71520,49.889
71580,38.617
71640,49.545
71700,49.901
71760,50.338
71820,50.15
71880,38.76
71940,49.654
72000,50.051
72060,50.095
72120,50.304
72180,38.912
72240,50.117
72300,49.969
72360,50.868
72420,50.93
72480,39.05
72540,50.353
72600,50.15
72660,50.757
72720,51.012
72780,39.201
72840,50.29
72900,50.839
72960,50.569
73020,51.419
73080,39.94
73140,49.151
73200,51.39
73260,51.591
73320,50.858
73380,50.744
73440,39.509
73500,50.728
73560,51.149
73620,51.514
73680,51.235
73740,39.653
73800,50.649
73860,52.525
73920,52.147
73980,51.444
74040,51.513
74100,40.137
74160,51.061
74220,51.973
74280,51.838
74340,51.616
74400,51.469
74460,39.656
74520,49.837
74580,49.678
74640,49.855
74700,50.389
74760,40.007
74820,51.034
74880,52.001
74940,51.616
75000,50.917
75060,39.995
75120,49.621
75180,50.799
75240,51.425
75300,53.089
75360,52.808
75420,40.662
75480,51.648
75540,52.494
75600,52.694
75660,56.778
75720,53.04
75780,52.426
75840,40.824
75900,52.02
75960,51.911
76020,52.636
76080,53.837
76140,52.987
76200,52.216
76260,41.081
76320,52.506
76380,52.831
76440,52.78
76500,52.906
76560,52.23
76620,41.262
76680,51.318
76740,53.137
76800,53.129
76860,52.875
76920,52.825
76980,52.966
77040,41.499
77100,53.139
77160,54.175
77220,53.333
77280,53.178
77340,53.479
77400,53.556
77460,42.266
77520,54.799
77580,55.881
77640,56.049
77700,55.342
77760,56.05
77820,56.27
77880,55.385
77940,56.095
78000,54.453
78060,53.818
78120,42.122
78180,53.77
78240,55.014
78300,54.058
78360,53.916
78420,53.949
78480,54.129
78540,54.498
78600,42.36
78660,54.143
78720,54.151
78780,54.547
78840,53.569
78900,54.269
78960,54.706
79020,54.931
79080,47.638
79140,47.657
79200,54.81
79260,54.671
79320,54.1
79380,54.283
79440,55.03
79500,55.16
79560,54.826
79620,42.981
79680,54.377
79740,57.518
79800,55.678
79860,55.26
79920,54.617
79980,54.593
80040,54.389
80100,54.851
80160,55.077
80220,43.154
80280,54.247
80340,54.969
80400,54.983
80460,54.954
80520,54.845
80580,54.593
80640,54.855
80700,54.916
80760,47.595
80820,49.152
80880,55.393
80940,55.395
81000,55.629
81060,55.476
81120,55.598
81180,55.34
81240,55.452
81300,55.356
81360,53.165
81420,44.634
81480,55.753
81540,56.753
81600,55.5
81660,56.402
81720,56.216
81780,55.602
81840,55.648
81900,55.82
81960,55.626
82020,55.438
82080,44.035
82140,54.835
82200,56.036
82260,56.349
82320,55.835
82380,55.224
82440,55.739
82500,56.008
82560,56.051
82620,55.968
82680,55.826
82740,48.164
82800,50.728
82860,56.55
82920,56.221
82980,56.507
83040,55.01
83100,56.361
83160,55.812
83220,56.821
83280,55.462
83340,54.775
83400,54.576
83460,44.481
83520,55.353
83580,55.365
83640,56.273
83700,58.208
83760,55.952
83820,54.594
83880,54.581
83940,54.848
84000,56.454
84060,57.94
84120,57.196
84180,45.224
84240,55.171
84300,57.055
84360,56.972
84420,56.264
84480,56.73
84540,56.937
84600,57.021
84660,56.983
84720,57.399
84780,57.144
84840,57.126
84900,56.965
84960,57.143
85020,57.355
85080,55.104
85140,46.497
85200,57.422
85260,57.824
85320,56.813
85380,58.348
85440,59.728
85500,59.601
85560,59.615
85620,59.368
85680,59.592
85740,60.349
85800,60.42
85860,59.85
85920,62.072
85980,58.342
86040,57.565
86100,57.164
86160,56.977
86220,57.022
86280,57.027
86340,57.457
86400,57.127
86460,56.794
86520,57.116
86580,58.424
86640,57.628
86700,57.292
86760,54.408
86820,48.882
86880,57.767
86940,57.438
87000,57.762
87060,57.754
87120,57.588
87180,57.831
87240,57.728
87300,57.823
87360,57.936
87420,58.142
87480,58.302
87540,59.545
87600,60.188
87660,58.85
87720,58.763
87780,58.504
87840,58.571
87900,58.618
87960,58.583
88020,58.838
88080,58.562
88140,58.747
88200,58.975
88260,58.836
88320,58.885
88380,58.769
88440,58.949
88500,59.288
88560,58.94
88620,58.849
88680,55.144
88740,51.106
88800,59.054
88860,59.058
88920,59.273
88980,59.287
89040,59.51
89100,59.418
89160,60.187
89220,59.518
89280,59.478
89340,59.431
89400,59.353
89460,59.726
89520,59.619
89580,59.492
89640,60.289
89700,59.564
89760,59.925
89820,60.044
89880,60.141
89940,59.676
90000,60.105
90060,59.815
90120,59.97
90180,59.673
90240,59.652
90300,59.833
90360,60.155
90420,60.013
90480,60.074
90540,60.017
90600,60.186
90660,60.134
90720,60.097
90780,60.239
90840,60.223
90900,60.208
90960,60.376
91020,60.192
91080,60.543
91140,60.699
91200,61.14
91260,60.884
91320,60.736
91380,60.051
91440,60.472
91500,60.755
91560,60.607
91620,60.441
91680,60.751
91740,60.516
91800,59.902
91860,60.388
91920,62.822
91980,59.943
92040,59.842
92100,59.708
92160,59.398
92220,59.144
92280,61.638
92340,79.349
92400,61.612
92460,61.196
92520,61.099
92580,61.15
92640,61.317
92700,61.251
92760,61.237
92820,61.384
92880,61.398
92940,62.182
93000,61.634
93060,61.346
93120,61.517
93180,62.431
93240,71.537
93300,68.273
93360,76.642
93420,66.266
93480,65.54
93540,66.411
93600,64.851
93660,62.09
93720,61.762
93780,61.84
93840,62.147
93900,61.722
93960,61.683
94020,62.037
94080,62.045
94140,61.614
94200,68.159
94260,65.638
94320,62.53
94380,62.605
94440,62.926
94500,62.405
94560,62.849
94620,64.467
94680,62.973
94740,63.092
94800,62.914
94860,63.074
94920,63.39
94980,62.819
95040,62.674
95100,63.001
95160,63.025
95220,68.999
95280,67.127
95340,63.042
95400,63.056
95460,63.411
95520,63.665
95580,63.397
95640,63.275
95700,63.222
95760,63.926
95820,63.597
95880,63.945
95940,63.692
96000,63.731
96060,63.847
96120,74.835
96180,63.789
96240,63.983
96300,64.052
96360,64.956
96420,64.638
96480,63.509
96540,63.289
96600,62.795
96660,62.963
96720,62.929
96780,63.16
96840,62.979
96900,65.77
96960,69.955
97020,63.273
97080,63.661
97140,63.918
97200,63.269
97260,63.28
97320,63.107
97380,63.134
97440,63.615
97500,63.348
97560,62.864
97620,63.182
97680,63.221
97740,63.22
97800,63.401
97860,71.898
97920,63.592
97980,64.68
98040,64.361
98100,63.67
98160,63.681
98220,63.781
98280,64.107
98340,64.304
98400,64.812
98460,64.81
98520,64.743
98580,76.473
98640,67.263
98700,68.628
98760,67.453
98820,68.02
98880,68.527
98940,83.593
99000,68.951
99060,69.175
99120,69.399
99180,69.07
99240,82.643
99300,68.865
99360,69.154
99420,66.978
99480,64.293
99540,65.63
99600,64.569
99660,72.54
99720,65.417
99780,63.808
99840,64.225
99900,64.06
99960,64.164
100020,63.99
100080,64.423
100140,64.433
100200,64.242
100260,64.291
100320,64.378
100380,70.078
100440,67.518
100500,64.391
100560,64.392
100620,64.674
100680,64.862
100740,65.231
100800,65.223
100860,65.262
100920,65.611
100980,65.449
101040,76.485
101100,66.06
101160,66.526
101220,65.885
101280,65.58
101340,68.571
101400,69.033
101460,79.932
101520,67.134
101580,68.401
101640,68.7
101700,68.786
101760,68.332
101820,81.806
101880,68.753
101940,68.964
102000,68.421
102060,69.033
102120,82.628
102180,69.042
102240,68.828
102300,68.886
102360,68.916
102420,82.862
102480,69.748
102540,69.39
102600,69.099
102660,69.401
102720,83.362
102780,69.056
102840,69.353
102900,69.423
102960,69.981
103020,83.859
103080,69.817
103140,69.915
103200,69.935
103260,70.996
103320,83.832
103380,72.254
103440,71.111
103500,74.279
103560,83.799
103620,70.621
103680,70.141
103740,71.025
103800,85.243
103860,71.109
103920,71.186
103980,71.179
104040,86.604
104100,71.265
104160,75.116
104220,78.995
104280,77.414
104340,70.96
104400,71.736
104460,76.041
104520,82.346
104580,71.989
104640,71.817
104700,86.913
104760,71.773
104820,72.445
104880,72.593
104940,86.862
105000,72.175
105060,71.991
105120,72.341
105180,86.649
105240,72.433
105300,73.276
105360,87.306
105420,73.053
105480,73.361
105540,73.033
105600,84.734
105660,67.905
105720,66.884
105780,66.997
105840,67.277
105900,67.213
105960,77.496
106020,67.125
106080,67.016
106140,67.241
106200,67.435
106260,67.743
106320,67.295
106380,76.957
106440,67.626
106500,67.7
106560,67.788
106620,67.529
106680,67.696
106740,78.442
106800,67.884
106860,67.833
106920,67.913
106980,67.704
107040,68.04
107100,71.115
107160,74.641
107220,68.247
107280,67.942
107340,68.04
107400,69.005
107460,68.513
107520,77.258
107580,68.215
107640,68.346
107700,68.475
107760,68.612
107820,68.6
107880,78.767
107940,68.587
108000,68.553
108060,68.798
108120,68.87
108180,78.372
108240,69.052
108300,68.056
108360,68.862
108420,68.873
108480,68.975
108540,80.067
108600,69.08
108660,68.959
108720,68.929
108780,69.412
108840,78.877
108900,70.074
108960,69.373
109020,69.402
109080,69.257
109140,69.469
109200,79.551
109260,69.734
109320,69.258
109380,69.768
109440,69.394
109500,79.683
109560,69.34
109620,69.377
109680,69.876
109740,69.385
109800,79.91
109860,70.119
109920,69.712
109980,69.673
110040,69.972
110100,80.19
110160,69.889
110220,71.131
110280,70.131
110340,69.988
110400,80.535
110460,70.28
110520,70.35
110580,70.157
110640,70.403
110700,80.6
110760,70.187
110820,70.169
110880,70.324
110940,70.061
111000,80.481
111060,70.434
111120,70.391
111180,70.094
111240,70.563
111300,80.61
111360,70.723
111420,76.966
111480,72.511
111540,83.163
111600,71.896
111660,70.819
111720,71.08
111780,81.577
111840,71.097
111900,71.33
111960,70.818
112020,81.356
112080,71.006
112140,71.801
112200,71.601
112260,71.204
112320,81.367
112380,71.251
112440,71.287
112500,71.25
112560,83.461
112620,72.942
112680,72.561
112740,71.799
112800,86.187
112860,74.137
112920,74.937
112980,89.827
113040,79.15
113100,100.978
113160,83.146
113220,97.751
113280,82.755
113340,93.906
113400,75.13
113460,74.134
113520,77.163
113580,84.017
113640,73.711
113700,73.696
113760,88.126
113820,73.71
113880,73.431
113940,88.029
114000,73.936
114060,73.476
114120,73.685
114180,85.852
114240,73.678
114300,74.121
114360,86.224
114420,73.748
114480,73.705
114540,77.723
114600,82.661
114660,74.211
114720,73.952
114780,86.933
114840,74.434
114900,74.777
114960,87.277
115020,74.662
115080,74.496
115140,86.678
115200,74.26
115260,74.232
115320,73.56
115380,89.101
115440,75.301
115500,74.419
115560,86.919
115620,76.1
115680,78.631
115740,92.771
115800,80.961
115860,95.45
115920,79.566
115980,93.571
116040,76.609
116100,76.462
116160,87.97
116220,74.104
116280,73.687
116340,79.247
116400,80.381
116460,75.452
116520,96.257
116580,80.921
116640,78.007
116700,93.035
116760,78.586
116820,114.421
116880,99.698
116940,80.084
117000,96.675
117060,79.145
117120,76.344
117180,91.103
117240,77.014
117300,91.707
117360,77.564
117420,77.378
117480,93.536
117540,79.452
117600,94.459
117660,79.613
117720,80.908
117780,96.219
117840,81.92
117900,96.292
117960,80.636
118020,96.198
118080,81.08
118140,96.105
118200,80.617
118260,96.412
118320,81.047
118380,97.315
118440,82.626
118500,96.869
118560,85.984
118620,96.844
118680,80.315
118740,96.249
118800,81.751
118860,97.844
118920,81.226
118980,96.88
119040,80.849
119100,77.838
119160,88.552
119220,75.621
119280,75.382
119340,85.849
119400,75.391
119460,75.58
119520,86.175
119580,76.018
119640,75.764
119700,86.045
119760,75.639
119820,75.763
119880,86.392
119940,75.744
120000,76.095
120060,86.905
120120,76.07
120180,75.937
120240,87.084
120300,76.09
120360,76.256
120420,87.341
120480,76.145
120540,76.21
120600,87.026
120660,76.258
120720,76.391
120780,87.336
120840,77.295
120900,77.329
120960,89.959
121020,78.958
121080,81.163
121140,94.156
121200,80.6
121260,96.01
121320,81.464
121380,96.308
121440,81.922
121500,96.798
121560,82.127
121620,95.245
121680,80.658
121740,95.804
121800,81.242
121860,92.24
121920,84.309
121980,80.556
122040,95.776
122100,84.969
122160,96.027
122220,80.726
122280,94.545
122340,80.548
122400,96.301
122460,81.367
122520,96.513
122580,81.854
122640,97.452
122700,81.827
122760,96.494
122820,82.192
122880,96.745
122940,81.573
123000,96.527
123060,82.08
123120,97.172
123180,82.171
123240,96.593
123300,82.485
123360,92.086
123420,89.986
123480,97.72
123540,82.689
123600,96.953
123660,82.395
123720,97.169
123780,82.352
123840,97.067
123900,82.447
123960,97.953
124020,82.784
124080,98.72
124140,84.02
124200,98.8
124260,83.22
124320,98.681
124380,83.385
124440,98.622
124500,84.439
124560,98.594
124620,83.504
124680,98.741
124740,83.66
124800,98.746
124860,83.527
124920,98.972
124980,94.054
125040,89.563
125100,99.242
125160,83.528
125220,99.012
125280,83.788
125340,98.905
125400,84.003
125460,98.952
125520,83.884
125580,98.835
125640,83.793
125700,99.941
125760,84.58
125820,99.525
125880,100.412
125940,87.073
126000,102.919
126060,84.831
126120,100.315
126180,84.871
126240,101.104
126300,100.699
126360,85.15
126420,101.068
126480,85.346
126540,99.886
126600,85.646
126660,100.167
126720,100.814
126780,85.008
126840,101.135
126900,85.469
126960,100.354
127020,85.728
127080,100.644
127140,100.745
127200,85.675
127260,101.572
127320,86.543
127380,102.065
127440,85.941
127500,100.139
127560,101.727
127620,86.167
127680,101.943
127740,86.559
127800,101.084
127860,101.432
127920,86.545
127980,101.714
128040,89.537
128100,103.034
128160,101.41
128220,83.038
128280,89.538
128340,78.898
128400,79.204
128460,88.007
128520,79.009
128580,79.335
128640,88.717
128700,79.016
128760,89.035
128820,79.252
128880,79.09
128940,89.856
129000,79.641
129060,89.586
129120,79.628
129180,79.59
129240,89.668
129300,79.794
129360,81.338
129420,86.534
129480,79.888
129540,90.251
129600,80.566
129660,86.159
129720,87.096
129780,86.264
129840,99.079
129900,99.581
129960,85.673
130020,99.592
130080,85.05
130140,99.108
130200,84.825
130260,98.623
130320,84.664
130380,97.414
130440,84.112
130500,97.735
130560,99.775
130620,85.613
130680,97.921
130740,84.034
130800,97.738
130860,84.383
130920,98.196
130980,83.754
131040,96.803
131100,82.879
131160,97.248
131220,83.461
131280,96.843
131340,83.479
131400,96.902
131460,84.026
131520,99.158
131580,85.089
131640,98.436
131700,84.16
131760,98.139
131820,83.765
131880,98.551
131940,84.749
132000,97.767
132060,94.142
132120,88.336
132180,98.703
132240,85.157
132300,98.559
132360,84.923
132420,98.463
132480,85.075
132540,98.876
132600,84.932
132660,99.061
132720,84.396
132780,98.607
132840,90.956
132900,95.675
132960,99.78
133020,85.143
133080,99.035
133140,84.724
133200,98.431
133260,85.213
133320,99.022
133380,87.344
133440,96.976
133500,98.692
133560,85.622
133620,99.264
133680,85.574
133740,99.032
133800,85.364
133860,99.402
133920,85.1
133980,98.176
134040,91.293
134100,93.414
134160,99.466
134220,85.453
134280,99.802
134340,85.358
134400,99.593
134460,85.523
134520,99.935
134580,90.91
134640,94.21
134700,99.396
134760,85.917
134820,100.145
134880,86.05
134940,100.184
135000,85.445
135060,99.734
135120,99.766
135180,86.216
135240,103.771
135300,86.562
135360,100.135
135420,95.721
135480,97.879
135540,101.851
135600,87.463
135660,104.124
135720,102.41
135780,88.151
135840,101.761
135900,87.393
135960,101.319
136020,102.45
136080,88.073
136140,100.803
136200,86.552
136260,100.357
136320,100.626
136380,86.507
136440,100.538
136500,86.617
136560,100.722
136620,94.713
136680,91.602
136740,101.006
136800,86.917
136860,101.434
136920,87.14
136980,100.757
137040,100.398
137100,86.731
137160,100.439
137220,86.964
137280,100.75
137340,91.71
137400,95.674
137460,104.724
137520,87.673
137580,101.54
137640,98.598
137700,89.062
137760,102.648
137820,88.09
137880,102.74
137940,102.593
138000,88.394
138060,102.873
138120,88.693
138180,102.39
138240,103.098
138300,88.7
138360,103.093
138420,102.035
138480,88.255
138540,101.513
138600,88.067
138660,102.204
138720,101.879
138780,87.6
138840,101.697
138900,87.621
138960,101.446
139020,101.435
139080,87.672
139140,101.831
139200,87.677
139260,101.354
139320,102.54
139380,88.985
139440,103.513
139500,103.12
139560,88.958
139620,102.51
139680,90.858
139740,104.375
139800,103.477
139860,88.418
139920,102.692
139980,102.798
140040,88.844
140100,103.309
140160,99.151
140220,92.701
140280,103.596
140340,88.553
140400,101.61
140460,101.602
140520,87.78
140580,102.23
140640,88.222
140700,102.233
140760,101.636
140820,88.88
140880,102.456
140940,97.39
141000,92.576
141060,102.234
141120,89.23
141180,102.476
141240,101.984
141300,88.427
141360,103.203
141420,88.696
141480,102.65
141540,102.705
141600,88.805
141660,102.819
141720,102.613
141780,88.475
141840,102.099
141900,98.714
141960,95.929
142020,102.854
142080,89.423
142140,103.619
142200,103.473
142260,89.283
142320,102.669
142380,102.363
142440,89.71
142500,103.081
142560,89.037
142620,102.102
142680,102.331
142740,89.393
142800,103.742
142860,102.674
142920,89.15
142980,103.357
143040,102.339
143100,90.389
143160,102.89
143220,89.031
143280,102.989
143340,103.385
143400,89.47
143460,103.922
143520,103.082
143580,89.586
143640,104.41
143700,103.392
143760,89.883
143820,104.001
143880,96.881
143940,95.735
144000,103.331
144060,89.64
144120,106.971
144180,103.769
144240,89.891
144300,103.792
144360,103.188
144420,90.174
144480,103.935
144540,103.765
144600,89.796
144660,104.005
144720,103.793
144780,89.79
144840,104.172
144900,104.552
144960,90.457
145020,104.163
145080,103.877
145140,90.827
145200,104.484
145260,103.864
145320,90.023
145380,104.31
145440,97.136
145500,97.218
145560,104.536
145620,90.813
145680,103.466
145740,104.687
145800,91.106
145860,104.081
145920,103.812
145980,91.174
146040,104.79
146100,104.546
146160,90.827
146220,104.963
146280,108.512
146340,106.917
146400,92.564
146460,106.259
146520,106.484
146580,92.168
146640,107.012
146700,107.209
146760,106.885
146820,92.181
146880,106.602
146940,104.54
147000,91.379
147060,105.299
147120,105.741
147180,91.232
147240,105.312
147300,105.308
147360,91.838
147420,105.585
147480,105.81
147540,92.719
147600,103.201
147660,104.966
147720,97.806
147780,99.211
147840,106.101
147900,105.583
147960,92.027
148020,105.506
148080,105.355
148140,92.434
148200,105.686
148260,106.067
148320,91.981
148380,105.769
148440,106.033
148500,95.641
148560,103.793
148620,107.782
148680,106.301
148740,92.186
148800,106.236
148860,105.521
148920,93.271
148980,106.502
149040,106.73
149100,106.405
149160,92.909
149220,106.828
149280,107.964
149340,92.454
149400,106.57
149460,107.068
149520,106.823
149580,93.107
149640,107.318
149700,106.897
149760,93.748
149820,105.527
149880,106.971
149940,106.323
150000,92.527
150060,107.167
150120,107.05
150180,93.369
150240,107.008
150300,107.281
150360,106.949
150420,93.291
150480,110.743
150540,108.055
150600,106.867
150660,93.279
150720,107.21
150780,108.649
150840,109.104
150900,95.292
150960,109.488
151020,109.28
151080,109.037
151140,94.848
151200,109.382
151260,109.177
151320,109.052
151380,94.125
151440,109.249
151500,107.906
151560,108.21
151620,93.997
151680,107.849
151740,107.793
151800,107.695
151860,93.786
151920,108.42
151980,108.158
152040,108.241
152100,95.163
152160,108.217
152220,108.307
152280,108.476
152340,94.657
152400,108.235
152460,108.402
152520,110.11
152580,99.144
152640,109.203
152700,109.304
152760,109.804
152820,109.691
152880,95.517
152940,109.457
153000,109.552
153060,109.254
153120,95.747
153180,109.542
153240,109.699
153300,109.787
153360,111.191
153420,96.041
153480,109.844
153540,110.201
153600,112.969
153660,110.128
153720,96.509
153780,110.428
153840,110.622
153900,110.899
153960,106.344
154020,99.657
154080,111.207
154140,110.617
154200,109.836
154260,96.943
154320,109.471
154380,109.72
154440,110.558
154500,110.725
154560,109.489
154620,102.57
154680,110.152
154740,111.235
154800,111.095
154860,105.225
154920,101.718
154980,110.407
155040,110.503
155100,110.893
155160,104.302
155220,103.658
155280,111.006
155340,111.616
155400,113.524
155460,112.856
155520,98.077
155580,112.524
155640,114.297
155700,119.37
155760,113.37
155820,113.199
155880,112.836
155940,112.678
156000,98.802
156060,112.369
156120,112.937
156180,113.328
156240,114.174
156300,113.073
156360,106.297
156420,105.334
156480,112.49
156540,117.693
156600,112.789
156660,112.689
156720,113.89
156780,108.369
156840,102.799
156900,113.355
156960,112.828
157020,113.492
157080,113.238
157140,113.135
157200,99.549
157260,112.105
157320,114.366
157380,113.933
157440,113.693
157500,114.523
157560,114.473
157620,111.73
157680,133.363
157740,158.58
157800,135.89
157860,129.092
157920,134.184
157980,128.246
158040,147.561
158100,119.956
158160,139.887
158220,135.92
158280,161.567
158340,127.601
158400,122.715
158460,116.973
158520,116.123
158580,115.477
158640,114.706
158700,115.581
158760,117.233
158820,112.615
158880,98.494
158940,110.644
159000,113.164
159060,112.387
159120,111.871
159180,113.351
159240,104.708
159300,107.915
159360,111.021
159420,110.257
159480,107.516
159540,96.891
159600,106.689
159660,107.651
159720,105.893
159780,96.128
159840,106.524
159900,106.965
159960,110.967
160020,97.261
160080,107.075
160140,105.468
160200,103.944
160260,98.153
160320,107.173
160380,107.191
160440,96.508
160500,113.349
160560,116.141
160620,107.82
160680,107.32
160740,102.972
160800,100.338
160860,106.574
160920,106.608
160980,96.884
161040,107.03
161100,106.893
161160,106.587
161220,96.617
161280,107.073
161340,106.721
161400,106.915
161460,96.925
161520,107.468
161580,106.797
161640,107.248
161700,97.327
161760,107.197
161820,107.018
161880,107.419
161940,97.16
162000,107.576
162060,107.502
162120,107.047
162180,97.16
162240,107.177
162300,106.734
162360,109.838
162420,97.335
162480,108.606
162540,108.225
162600,108.586
162660,97.535
162720,107.891
162780,108.518
162840,108.835
162900,99.918
162960,110.561
163020,108.893
163080,109.379
163140,108.996
163200,98.7
163260,108.313
163320,112.001
163380,110.919
163440,108.961
163500,98.961
163560,109.527
163620,110.036
163680,110.658
163740,106.658
163800,103.142
163860,109.222
163920,108.347
163980,108.623
164040,114.418
164100,99.973
164160,109.782
164220,110.119
164280,109.303
164340,114.187
164400,100.796
164460,111.055
164520,111.951
164580,110.978
164640,110.178
164700,110.958
164760,100.496
164820,111.212
164880,110.995
164940,111.402
165000,110.917
165060,98.421
165120,111.566
165180,110.048
165240,112.134
165300,112.181
165360,111.854
165420,99.946
165480,111.985
165540,111.6
165600,111.66
165660,111.496
165720,111.436
165780,102.832
165840,113.278
165900,111.507
165960,113.034
166020,111.906
166080,111.114
166140,99.511
166200,111.419
166260,111.872
166320,114.797
166380,111.09
166440,110.12
166500,118.303
166560,100.964
166620,110.276
166680,110.809
166740,110.74
166800,110.025
166860,100.027
166920,111.121
166980,111.379
167040,110.244
167100,110.077
167160,104.12
167220,112.277
167280,115.351
167340,116.018
167400,117.704
167460,117.711
167520,118.047
167580,120.241
167640,119.355
167700,116.941
167760,111.65
167820,110.168
167880,102.326
167940,109.699
168000,112.032
168060,112.188
168120,110.84
168180,110.199
168240,101.285
168300,110.735
168360,110.16
168420,109.919
168480,110.256
168540,100.579
168600,109.973
168660,110.304
168720,111.0
168780,110.407
168840,109.291
168900,101.198
168960,110.179
169020,111.415
169080,110.669
169140,111.528
169200,100.975
169260,110.676
169320,111.106
169380,110.489
169440,111.021
169500,103.039
169560,107.626
169620,110.592
169680,110.844
169740,110.877
169800,110.78
169860,101.119
169920,110.774
169980,110.786
170040,110.842
170100,110.612
170160,101.121
170220,110.904
170280,111.366
170340,111.071
170400,111.313
170460,111.088
170520,101.392
170580,111.353
170640,111.013
170700,111.096
170760,111.203
170820,111.813
170880,101.697
170940,111.142
171000,111.012
171060,111.61
171120,111.882
171180,110.586
171240,101.972
171300,111.801
171360,111.857
171420,112.037
171480,111.354
171540,112.582
171600,102.193
171660,111.583
171720,111.49
171780,111.833
171840,111.912
171900,111.241
171960,102.124
172020,111.948
172080,111.957
172140,112.694
172200,113.285
172260,112.437
172320,102.489
172380,111.942
172440,112.527
172500,112.443
172560,111.735
172620,112.533
172680,111.999
172740,102.491
172800,112.192
172860,112.228
172920,112.707
172980,112.542
173040,112.94
173100,102.479
173160,111.925
173220,112.787
173280,112.753
173340,113.033
173400,116.478
173460,118.981
173520,118.099
173580,118.706
173640,267.795
173700,118.332
173760,118.039
173820,116.932
173880,114.946
173940,112.181
174000,111.817
174060,113.031
174120,103.503
174180,113.898
174240,113.846
174300,113.182
174360,113.888
174420,113.638
174480,113.041
174540,113.391
174600,103.758
174660,113.194
174720,113.642
174780,113.64
174840,113.876
174900,113.832
174960,113.175
175020,114.349
175080,104.09
175140,113.877
175200,114.078
175260,114.219
175320,113.597
175380,114.293
175440,114.272
175500,113.899
175560,105.327
175620,111.781
175680,113.856
175740,114.302
175800,113.553
175860,115.101
175920,113.911
175980,114.864
176040,114.412
176100,104.785
176160,115.026
176220,114.219
176280,114.413
176340,115.167
176400,114.623
176460,114.442
176520,114.636
176580,114.379
176640,104.584
176700,113.787
176760,114.903
176820,115.003
176880,114.694
176940,114.261
177000,115.338
177060,114.953
177120,114.891
177180,115.041
177240,105.699
177300,114.853
177360,115.273
177420,114.449
177480,114.959
177540,114.78
177600,116.056
177660,114.873
177720,115.428
177780,115.196
177840,106.998
177900,113.884
177960,115.092
178020,115.725
178080,115.476
178140,115.536
178200,115.28
178260,115.65
178320,115.354
178380,115.487
178440,115.587
178500,105.876
178560,114.971
178620,116.208
178680,115.718
178740,115.53
178800,115.179
178860,115.458
178920,115.196
178980,115.947
179040,115.644
179100,116.104
179160,113.807
179220,106.886
179280,115.87
179340,115.788
179400,117.136
179460,115.357
179520,115.534
179580,115.025
179640,115.305
179700,115.964
179760,117.04
179820,115.925
179880,114.338
179940,106.83
180000,115.433
180060,116.087
180120,115.839
180180,116.097
180240,115.988
180300,116.136
180360,116.245
180420,116.25
180480,115.517
180540,116.267
180600,116.342
180660,106.802
180720,115.531
180780,116.133
180840,116.665
180900,116.666
180960,116.578
181020,116.581
181080,116.59
181140,116.184
181200,117.024
181260,116.456
181320,116.748
181380,116.4
181440,116.903
181500,113.051
181560,109.97
181620,118.35
181680,117.041
181740,116.976
181800,117.453
181860,116.899
181920,117.308
181980,117.649
182040,116.923
182100,117.058
182160,117.502
182220,117.594
182280,117.043
182340,117.812
182400,116.761
182460,117.749
182520,117.518
182580,117.266
182640,107.582
182700,116.69
182760,117.373
182820,117.604
182880,117.557
182940,118.113
183000,117.783
183060,117.97
183120,117.532
183180,118.001
183240,117.919
183300,118.032
183360,118.436
183420,118.667
183480,119.666
183540,118.182
183600,118.597
183660,118.267
183720,118.364
183780,118.349
183840,117.908
183900,118.79
183960,118.232
184020,118.604
184080,118.533
184140,118.633
184200,118.251
184260,109.802
184320,116.367
184380,118.829
184440,118.857
184500,118.923
184560,119.614
184620,119.135
184680,119.307
184740,118.625
184800,119.734
184860,119.625
184920,119.858
184980,119.142
185040,119.815
185100,119.487
185160,119.519
185220,120.194
185280,121.397
185340,120.219
185400,120.112
185460,120.874
185520,119.962
185580,120.74
185640,120.605
185700,120.901
185760,119.704
185820,120.541
185880,121.076
185940,120.775
186000,120.953
186060,120.204
186120,120.424
186180,120.669
186240,120.99
186300,120.522
186360,120.736
186420,119.986
186480,124.139
186540,119.036
186600,121.635
186660,120.327
186720,122.482
186780,125.351
186840,121.171
186900,121.812
186960,121.194
187020,121.736
187080,123.384
187140,121.808
187200,121.89
187260,121.903
187320,121.594
187380,121.583
187440,121.19
187500,120.18
187560,120.73
187620,120.804
187680,120.69
187740,121.751
187800,121.348
187860,121.888
187920,121.797
187980,121.853
188040,122.231
188100,122.785
188160,122.317
188220,122.349
188280,122.086
188340,122.414
188400,122.343
188460,130.115
188520,123.34
188580,122.414
188640,122.699
188700,122.194
188760,122.218
188820,123.553
188880,123.411
188940,123.801
189000,122.994
189060,122.89
189120,122.142
189180,123.486
189240,123.484
189300,123.596
189360,123.879
189420,122.872
189480,138.282
189540,126.956
189600,128.381
189660,128.22
189720,127.623
189780,129.482
189840,141.909
189900,127.506
189960,127.857
190020,127.427
190080,126.695
190140,125.635
190200,125.48
190260,136.496
190320,125.115
190380,125.508
190440,124.891
190500,125.976
190560,126.851
190620,124.488
190680,124.675
190740,125.451
190800,136.29
190860,125.664
190920,124.79
190980,125.13
191040,126.059
191100,124.343
191160,123.303
191220,124.901
191280,123.923
191340,124.285
191400,135.292
191460,123.404
191520,125.029
191580,124.293
191640,123.521
191700,124.942
191760,124.41
191820,124.486
191880,125.113
191940,124.366
192000,124.348
192060,135.38
192120,123.476
192180,125.129
192240,128.754
192300,124.894
192360,124.567
192420,124.398
192480,125.77
192540,124.241
192600,124.346
192660,135.685
192720,124.688
192780,125.387
192840,124.499
192900,124.329
192960,125.868
193020,124.565
193080,125.699
193140,126.387
193200,124.532
193260,136.295
193320,125.291
193380,125.409
193440,126.438
193500,124.903
193560,125.372
193620,125.299
193680,124.821
193740,126.22
193800,135.459
193860,125.279
193920,128.068
193980,127.536
194040,127.372
194100,126.148
194160,126.994
194220,138.515
194280,126.319
194340,127.175
194400,126.21
194460,126.623
194520,126.449
194580,126.809
194640,137.773
194700,126.401
194760,125.849
194820,127.329
194880,126.756
194940,126.424
195000,127.091
195060,126.094
195120,138.82
195180,126.388
195240,126.571
195300,128.0
195360,126.563
195420,127.963
195480,126.789
195540,136.676
195600,127.824
195660,130.969
195720,127.267
195780,127.375
195840,126.888
195900,139.432
195960,126.46
196020,127.634
196080,128.23
196140,126.932
196200,127.45
196260,132.2
196320,133.623
196380,127.582
196440,127.139
196500,127.754
196560,128.04
196620,126.875
196680,141.552
196740,128.365
196800,128.681
196860,128.57
196920,128.555
196980,137.695
197040,132.305
197100,129.583
197160,129.776
197220,127.978
197280,128.439
197340,140.556
197400,129.294
197460,133.728
197520,129.088
197580,129.173
197640,141.22
197700,129.159
197760,129.347
197820,128.671
197880,128.79
197940,141.155
198000,128.635
198060,129.681
198120,129.451
198180,128.873
198240,142.018
198300,129.328
198360,130.019
198420,129.6
198480,128.264
198540,140.549
198600,129.44
198660,130.096
198720,129.599
198780,129.134
198840,142.143
198900,129.578
198960,130.489
199020,129.184
199080,134.579
199140,142.608
199200,129.999
199260,130.291
199320,130.324
199380,131.39
199440,139.165
199500,130.012
199560,131.692
199620,130.023
199680,141.482
199740,131.186
199800,133.473
199860,134.05
199920,142.581
199980,131.79
200040,130.138
200100,129.96
200160,130.365
200220,142.284
200280,129.977
200340,132.154
200400,130.502
200460,141.828
200520,131.468
200580,134.715
200640,130.396
200700,141.983
200760,130.248
200820,132.574
200880,129.887
200940,131.072
201000,144.152
201060,130.59
201120,131.995
201180,130.543
201240,142.726
201300,130.275
201360,130.789
201420,132.053
201480,140.308
201540,134.144
201600,132.384
201660,131.388
201720,142.756
201780,132.913
201840,132.661
201900,131.333
201960,137.519
202020,138.017
202080,131.141
202140,132.415
202200,136.247
202260,140.143
202320,135.227
202380,132.001
202440,143.105
202500,131.136
202560,131.509
202620,132.705
202680,142.147
202740,133.881
202800,132.841
202860,133.071
202920,146.387
202980,131.91
203040,132.785
203100,132.553
203160,144.654
203220,133.338
203280,132.445
203340,133.503
203400,143.706
203460,132.94
203520,133.089
203580,143.904
203640,133.155
203700,132.451
203760,133.035
203820,145.289
203880,136.128
203940,135.204
204000,142.812
204060,135.462
204120,132.26
204180,133.069
204240,146.13
204300,132.689
204360,133.838
204420,133.495
204480,145.983
204540,133.416
204600,134.088
204660,146.474
204720,133.845
204780,133.718
204840,142.848
204900,137.044
204960,133.789
205020,133.754
205080,146.38
205140,134.136
205200,134.188
205260,146.706
205320,137.574
205380,134.594
205440,139.325
205500,138.224
205560,132.793
205620,133.132
205680,144.66
205740,132.152
205800,132.599
205860,134.338
205920,146.911
205980,135.544
206040,133.532
206100,147.865
206160,133.519
206220,133.731
206280,140.403
206340,140.374
206400,133.95
206460,134.838
206520,147.304
206580,134.096
206640,133.795
206700,146.736
206760,134.871
206820,134.695
206880,150.444
206940,134.106
207000,134.61
207060,133.768
207120,146.54
207180,134.392
207240,134.428
207300,145.805
207360,135.022
207420,135.35
207480,145.784
207540,134.862
207600,134.741
207660,140.535
207720,141.061
207780,134.297
207840,135.5
207900,146.828
207960,134.989
208020,135.642
208080,146.945
208140,135.862
208200,134.932
208260,147.311
208320,135.389
208380,134.598
208440,151.914
208500,134.365
208560,136.877
208620,148.248
208680,134.436
208740,135.885
208800,146.584
208860,135.316
208920,136.243
208980,146.379
209040,135.815
209100,135.36
209160,148.282
209220,135.051
209280,135.929
209340,147.826
209400,135.072
209460,135.793
209520,144.004
209580,139.246
209640,136.246
209700,142.984
209760,140.531
209820,136.089
209880,138.021
209940,146.352
210000,139.156
210060,148.829
210120,135.872
210180,136.401
210240,148.535
210300,136.045
210360,137.41
210420,149.984
210480,137.36
210540,136.347
210600,148.816
210660,137.015
210720,136.38
210780,149.119
210840,135.767
210900,137.176
210960,148.509
211020,136.399
211080,146.309
211140,139.331
211200,137.207
211260,147.936
211320,137.471
211380,137.501
211440,148.991
211500,139.599
211560,138.516
211620,147.959
211680,136.812
211740,137.141
211800,149.588
211860,136.89
211920,150.333
211980,136.645
212040,138.859
212100,152.24
212160,139.248
212220,147.811
212280,143.833
212340,139.242
212400,152.196
212460,139.635
212520,154.124
212580,140.63
212640,144.584
212700,149.472
212760,139.881
212820,187.134
212880,155.347
212940,133.686
213000,144.876
213060,131.431
213120,134.592
213180,133.617
213240,143.437
213300,132.141
213360,131.72
213420,133.572
213480,142.181
213540,131.034
213600,132.049
213660,131.699
213720,140.446
213780,133.713
213840,136.203
213900,136.888
213960,145.551
214020,136.933
214080,137.458
214140,147.14
214200,137.143
214260,149.179
214320,137.129
214380,140.561
214440,146.282
214500,138.58
214560,138.689
214620,149.059
214680,141.212
214740,150.73
214800,136.877
214860,138.571
214920,147.312
214980,136.955
215040,138.349
215100,148.676
215160,138.709
215220,152.058
215280,137.893
215340,140.983
215400,160.973
215460,146.011
215520,160.848
215580,164.133
215640,144.882
215700,157.214
215760,141.339
215820,154.873
215880,142.269
215940,155.429
216000,142.178
