t_real_s,vehicle_id,x,y,speed,lat,lon
1,veh_10,293.4473829818994,112.84119525479302,19.44,26.048715551228018,44.43573380407959
1,veh_17,291.38682592242196,10.2684389782403,10.98,26.048704644355126,44.43481027179123
1,veh_19,290.2,96.34,0.77,26.048677163014485,44.43558492747056
1,veh_26,286.9723935666982,81.56078051087985,12.22,26.048638771937416,44.435451553414474
1,veh_b6225d26-18b8-45d5-aa96-ca2f142692cf,274.9365736980804,59.71074339374886,0.77,26.04849075325757,44.43525360895157
2,veh_10,294.0527512266578,114.68644356166214,19.419964345757126,26.04872288724055,44.435750477572384
2,veh_17,291.36806947450657,11.362004569114733,10.938243005008475,26.04870424900106,44.43482011364521
2,veh_19,290.20316337702656,96.4358503239042,0.9584705139529502,26.048677188757843,44.43558579060569
2,veh_24,232.31,74.7567084078712,0.77,26.047953022026235,44.43538458348518
2,veh_26,286.99310119885473,80.34492613668883,12.159981771921045,26.048639209683543,44.43544061097413
2,veh_b6225d26-18b8-45d5-aa96-ca2f142692cf,274.9368172124544,59.613781699783814,0.9697261651609548,26.04849077048131,44.435252736168856
3,veh_10,294.657514889392,116.5298490167363,19.400569603044666,26.0487302159307,44.435767134412856
3,veh_17,291.34937869907975,12.451741227446158,10.899944621304194,26.048703855031096,44.434829921039636
3,veh_19,290.2069588997749,96.5508546631799,1.1500041281299391,26.04867721964556,44.43558682622336
3,veh_24,232.21316581813255,74.75607324030975,0.9683418186743444,26.047951805555886,44.435384567626535
3,veh_26,287.01371176683136,79.1347709127848,12.102983528483122,26.048639645377598,44.435429719824974
3,veh_b6225d26-18b8-45d5-aa96-ca2f142692cf,274.93711085150375,59.49686153947637,1.1693333114189683,26.04849079125035,44.43525168373372
4,veh_10,295.26169288337474,118.3714692703542,19.381781590340832,26.04873753752764,44.43578377512195
4,veh_17,291.3307481509852,13.53796642462955,10.864821702605576,26.048703462330465,44.434839696831624
4,veh_19,290.21139246141337,96.68519158082592,1.34332331133002,26.048677255725597,44.435588035931474
4,veh_24,232.09662518131535,74.75530881156497,1.165406368171804,26.047950341525034,44.43538454854053
4,veh_26,287.03422984763733,77.9300460987964,12.048673006606672,26.04864007911634,44.43541887754836
4,veh_b6225d26-18b8-45d5-aa96-ca2f142692cf,274.93745455888853,59.36000534608579,1.368716099813768,26.048490815560722,44.43525045184806
5,veh_10,295.86530310666797,120.21135887834846,19.36356774010689,26.04874485224825,44.4358004001926
5,veh_17,291.3121728269868,14.620971866575536,10.832616533114814,26.048703070793707,44.43484944364651
5,veh_19,290.21646731081546,96.83895951770867,1.5376268695848536,26.048677297024394,44.435589420616544
5,veh_24,231.96056143373033,74.75441632425225,1.360637475850386,26.04794863223694,44.435384526257195
5,veh_26,287.0546595040505,76.73051314758942,11.996748238209612,26.048640510985653,44.435408081997416
5,veh_b6225d26-18b8-45d5-aa96-ca2f142692cf,274.93784824004183,59.20325077392996,1.567722302612832,26.048490843405727,44.43524904085085
6,veh_1,293.4473829818994,112.84119525479302,0.77,26.048715551228018,44.43573380407959
6,veh_10,296.4683624894409,122.04956944627726,19.345897002740372,26.0487521602977,44.4358170100911
6,veh_17,291.2936481243844,15.701025906580416,10.80309553144226,26.048702680323807,44.4348591638994
6,veh_19,290.2221847428761,97.01219770914662,1.7323227676285984,26.04867734355249,44.43559098063183
6,veh_24,231.80522746559657,74.75339743716253,1.553339681337684,26.047946680868495,44.43538450081789
6,veh_26,287.07500432939474,75.53596107616386,11.946933549348882,26.048640941061503,44.435397331273364
6,veh_b6225d26-18b8-45d5-aa96-ca2f142692cf,274.93829174839175,59.026656184500744,1.766144824750075,26.048490874774995,44.43524745126739
7,veh_1,293.47379137700574,112.92169179021424,0.8471704550643648,26.04871587125185,44.43573453143883
7,veh_10,297.07088703849246,123.8861497651345,19.3287397568965,26.048759461869935,44.43583360525837
7,veh_17,291.27516980349964,16.778375732511883,10.77604699322978,26.0487022908314,44.43486885981492
7,veh_19,290.22841089773266,97.20085020129936,1.8864605120469269,26.04867739422054,44.4355926794534
7,veh_24,231.63096134806136,74.75225436781673,1.742661175352036,26.047944491666705,44.435384472278024
7,veh_26,287.095267486491,74.3462041785998,11.898976139327884,26.048641369410756,44.43538662370486
7,veh_b6225d26-18b8-45d5-aa96-ca2f142692cf,274.9387848697847,58.830306848670936,1.9637145421034137,26.04849090965339,44.435245683865254
8,veh_1,293.50489607119545,113.01650331160845,0.9978257983970524,26.048716248186672,44.435735388146966
8,veh_10,297.6728918791602,125.72114593909552,19.312067725664093,26.048766757148247,44.43585018611097
8,veh_17,291.2567343276917,17.853227542723033,10.751060926360914,26.04870190224194,44.43487853324882
8,veh_19,290.23512567970596,97.40430809509002,2.034509473585421,26.04867744886501,44.435594511598055
8,veh_24,231.4382032876209,74.75099000367551,1.9275806044049535,26.04794207016161,44.435384440709626
8,veh_26,287.1154517415982,73.16108003324672,11.852643137913176,26.048641796091882,44.43537595783017
8,veh_b6225d26-18b8-45d5-aa96-ca2f142692cf,274.9393273054268,58.614321739177974,2.160094398061813,26.04849094801976,44.43524373971533
9,veh_1,293.5414025160024,113.1277801353485,1.171111736830526,26.048716690581333,44.43573639363406
9,veh_10,298.2743912947849,127.5546015058096,19.29585389812952,26.048774046305713,44.4358667530423
9,veh_17,291.2383384936802,18.92576809949947,10.72794292417972,26.04870151448791,44.43488818588191
9,veh_19,290.24230955583243,97.62197954172292,2.176640149235749,26.04867750732694,44.4355964717362
9,veh_24,231.22751328245172,74.74960801795287,2.1069000516915035,26.047939423388147,44.435384406204435
9,veh_26,287.1355594940161,71.98044776454186,11.807719058744317,26.04864222115561,44.4353653323814
9,veh_b6225d26-18b8-45d5-aa96-ca2f142692cf,274.93991865379604,58.37886073262128,2.3548753079279985,26.04849098984572,44.43524162025673
10,veh_1,293.58361275246256,113.25644292536936,1.35408702749073,26.048717202096057,44.43573755621911
10,veh_10,298.87539876388433,129.38655754971165,19.280072455904453,26.04878132950566,44.435883306423634
10,veh_17,291.21997940033583,19.996166548694852,10.706516780690963,26.04870112750816,44.43489781923649
10,veh_18,291.38682592242196,10.2684389782403,5.7,26.048704644355126,44.43481027179123
10,veh_19,290.24994283934495,97.85326803215162,2.312805938080993,26.048677569446124,44.435598554496245
10,veh_24,230.9995885961146,74.74811298423211,2.279246863371238,26.047936560105622,44.435384368876605
10,veh_26,287.15559280191457,70.80418652647379,11.764003582618075,26.048642644645444,44.435354746271
10,veh_b6225d26-18b8-45d5-aa96-ca2f142692cf,274.9405583921409,58.12413197637323,2.5475745095964903,26.04849103509429,44.43523932736308
11,veh_1,293.6316775646218,113.40295129283788,1.541899408335509,26.04871778455809,44.435738880055176
11,veh_10,299.47592699517986,131.21705280878726,19.264698704231133,26.04878860690209,44.43589984660496
11,veh_17,291.20165442303255,21.06457591505351,10.6866212466629,26.048700741247362,44.434907434689734
11,veh_18,291.37725721778554,10.82632745407516,5.580204579677755,26.048704442663105,44.43481529266694
11,veh_19,290.2580056772153,98.09757201962398,2.4429564647840696,26.048677635060997,44.43560075446125
11,veh_24,230.7552798872493,74.74651048226579,2.4430870886534706,26.04793349100035,44.43538432886544
11,veh_26,287.17555340485677,69.6321941801103,11.721309616616916,26.048643066598164,44.43534419857974
11,veh_b6225d26-18b8-45d5-aa96-ca2f142692cf,274.94124580481974,57.85042042208115,2.7374238737989014,26.04849108371485,44.435236863599265
12,veh_1,293.68567533819447,113.56754416853371,1.7322263706624608,26.04871843891734,44.43574036730115
12,veh_10,300.07598796060654,133.04612377519342,19.24970900731285,26.04879587864007,44.435916373916044
12,veh_17,291.1833611910212,22.131134421426538,10.668108268145671,26.048700355655555,44.43491703348562
12,veh_18,291.36781373795975,11.376914891642192,5.507176924611796,26.048704243610565,44.43482024783489
12,veh_19,290.26647820178215,98.35428951399986,2.5670872956164867,26.04867770400988,44.43560306621027
12,veh_24,230.49560458982967,74.74480718574128,2.596752974195792,26.047930228853755,44.43538428633755
12,veh_26,287.19544274341183,68.46438614203689,11.679461584800531,26.048643487044224,44.43533368854637
12,veh_b6225d26-18b8-45d5-aa96-ca2f142692cf,274.9419800609883,57.5580568923465,2.9239646393214724,26.048491135648632,44.43523423194315
13,veh_1,293.74564222943604,113.75033176185369,1.9237132107946149,26.04871916561197,44.435742018952915
13,veh_10,300.67559292642954,134.8738047901049,19.23508072754796,26.04880314485612,44.43593288866718
13,veh_17,291.1650975669635,23.19596668200468,10.65084172634111,26.048699970687682,44.434926616745656
13,veh_18,291.3584444220716,11.923178315908308,5.4639265620940085,26.048704046121237,44.43482516408767
13,veh_19,290.2753407364116,98.6228243132703,2.685256309913498,26.048677776132642,44.435605484374484
13,veh_24,230.22175598507724,74.74301092178644,2.738486047524346,26.04792678865632,44.43538424148836
13,veh_26,287.2152619761887,67.30069438420139,11.638293913964452,26.04864390600812,44.43532321555866
13,veh_b6225d26-18b8-45d5-aa96-ca2f142692cf,274.9427601596753,57.24743995047931,3.1065193227696377,26.04849119082484,44.435231435982324
14,veh_1,293.81158490168593,113.95133438360178,2.115413808114837,26.048719964722736,44.435743835193996
14,veh_10,301.2747524825786,136.70012813313016,19.2207921683734,26.048810405678562,44.43594939115005
14,veh_17,291.146861628151,24.259184797320643,10.634696455064786,26.04869958630322,44.4349361854787
14,veh_18,291.3491156917055,12.467075464287396,5.440258205220703,26.048703849487342,44.434830059044444
14,veh_19,290.2845740150115,98.902592654848,2.7975878976454753,26.0486778512725,44.43560800369711
14,veh_24,229.93510640797356,74.74113069200222,2.8664957710366727,26.04792318764788,44.43538419454258
14,veh_26,287.2350119945724,66.1410665686842,11.597649684226475,26.04864432350869,44.43531277914557
14,veh_b6225d26-18b8-45d5-aa96-ca2f142692cf,274.9435849190436,56.919040176117555,3.2843676797391232,26.04849124915988,44.43522847995263
15,veh_1,293.8834859215464,114.17049889430838,2.30655514920872,26.048720836038395,44.4357458155442
15,veh_10,301.87347657030483,138.5251241066133,19.206822520448352,26.048817661227858,44.43596588163847
15,veh_17,291.12865164909533,25.320889369296076,10.619557441003364,26.048699202465794,44.43494574059018
15,veh_18,291.33980502554397,13.009919407249942,5.42972365944085,26.04870365323417,44.434834944522606
15,veh_19,290.29415939266084,99.1930295976229,2.9042702671575844,26.048677929277726,44.435610619090795
15,veh_24,229.63720324439905,74.73917664620654,2.9790316357455016,26.04791944526732,44.435384145753645
15,veh_26,287.2546934353999,64.98546530343043,11.557379419261784,26.048644739559407,44.43530237897059
15,veh_b6225d26-18b8-45d5-aa96-ca2f142692cf,274.9444529705064,56.57340250837165,3.456766031740742,26.048491310556955,44.43522536875925
16,veh_1,293.9613057083164,114.40770464638,2.4964267576841808,26.048721779079308,44.4357479589134
16,veh_10,302.4717745082567,140.34882111511686,19.19315181093132,26.04882491161693,44.43598236038907
16,veh_17,291.11046608527846,26.381170448660576,10.605319147274962,26.04869881914285,44.4349552828905
16,veh_18,291.33049718564394,13.55259856942197,5.428075461706476,26.048703457040535,44.43483982851778
16,veh_19,290.3017094486812,99.49365012127453,3.005547852745964,26.048677980224994,44.4356133259398
16,veh_24,229.329756824963,74.73716000302599,3.0744641943601954,26.047915583000513,44.43538409540164
16,veh_26,287.2743066917776,63.83386750708717,11.517339995125448,26.04864515416858,44.435292014826
16,veh_b6225d26-18b8-45d5-aa96-ca2f142692cf,274.94536275868677,56.21114626171505,3.622970541361896,26.04849137490604,44.4352221079768
17,veh_1,294.0449827751091,114.66276421906144,2.684325892118869,26.048722793100374,44.435750263608035
17,veh_10,303.06965501706367,142.17124574035708,19.17976085562405,26.048832156951445,44.4359988276421
17,veh_17,291.09230355792806,27.440108422595273,10.5918849155332,26.04869843630533,44.43496481310314
17,veh_18,291.3211818829045,14.095712840862983,5.432427583753515,26.048703260689557,44.43484471642881
17,veh_19,290.3059995983688,99.80397094867747,3.1017100952997754,26.048677988799923,44.43561611976568
17,veh_24,229.0146199834406,74.73509291581267,3.151368415223878,26.04791162412351,44.43538404379
17,veh_26,287.29385192221275,62.6862638728567,11.477393649973877,26.048645567339555,44.435281686628024
17,veh_b6225d26-18b8-45d5-aa96-ca2f142692cf,274.9463125479625,55.8329625200929,3.7822634330385623,26.048491442084384,44.43521870382595
18,veh_1,294.1344331542519,114.93542166697218,2.8695313781459957,26.048723877084075,44.435752727315446
18,veh_10,304.54340865524773,142.16868787340732,19.16663121377405,26.048850672828927,44.43599895881624
18,veh_17,291.07416283974396,28.497774846927182,10.579166411344518,26.048698053927364,44.434974331872105
18,veh_18,291.31185226924305,14.639661488407656,5.4407733187103675,26.048703064036886,44.43484961184907
18,veh_19,290.31041612384246,100.12343295793872,3.1930777817361813,26.04867799762744,44.43561899588983
18,veh_24,228.6937598354344,74.73298828753117,3.208601480062288,26.047907593348015,44.435383991240876
18,veh_26,287.3133290582048,61.54265842276771,11.437407079778176,26.04864597907089,44.43527139441286
18,veh_b6225d26-18b8-45d5-aa96-ca2f142692cf,274.9473004359485,55.43960876852381,3.9339806212366697,26.04849151195743,44.43521516312507
19,veh_1,294.2295495363638,115.22534989589262,3.051294423359726,26.048725029730015,44.43575534708001
19,veh_10,306.3627529387997,141.60623487749837,19.15374514534417,26.048873612294646,44.43599408620616
19,veh_17,291.0560428415481,29.554233224499775,10.567083085821888,26.048697671985988,44.4349838397689
19,veh_18,291.3025039282757,15.184702002461494,5.451694566878689,26.048702866989434,44.43485451709587
19,veh_19,290.3149528599501,100.45159020305644,3.279988161109328,26.04867800669523,44.43562195029743
19,veh_24,228.3692231099726,74.730859543357,3.245367254617798,26.04790351638587,44.43538393808948
19,veh_26,287.3327378104218,60.40306814502591,11.397250607433005,26.048646389356477,44.435261138333416
19,veh_b6225d26-18b8-45d5-aa96-ca2f142692cf,274.94832437378034,55.03190081652362,4.077538795282418,26.04849158438026,44.43521149321751
20,veh_1,294.33020048278297,115.5321482621315,3.2288409703540295,26.048726249445405,44.435758119281566
20,veh_10,308.26716314312085,141.41363827464994,19.141085570572617,26.048897566474427,44.43599255178227
20,veh_17,291.03794259986165,30.60953972944686,10.555561634531015,26.0486972904609,44.434993337299055
20,veh_18,291.2931341795228,15.730990664236144,5.464178996884851,26.0487026694907,44.43485943357573
20,veh_19,290.31960411017207,100.7880306357803,3.3627800472817344,26.0486780159919,44.435624979278735
20,veh_24,228.04309697956617,74.72872037374789,3.261261304064583,26.047899419456986,44.43538388467763
20,veh_26,287.3520776735687,59.26752270817106,11.35679741460047,26.04864679818563,44.43525091865668
20,veh_b6225d26-18b8-45d5-aa96-ca2f142692cf,274.9493821925235,54.6107022828428,4.212459808973182,26.04849165919946,44.435207701876976
21,veh_1,294.4362299805113,115.85534121593363,3.4013826845271984,26.048727534339662,44.43576103962306
21,veh_10,310.170334701449,141.22116693841153,19.128636031660537,26.048921505073015,44.43599101835138
21,veh_17,291.01986126543443,31.663743875983513,10.544535442528913,26.0486969093342,44.43500282490821
21,veh_18,291.2837415871849,16.278611185783518,5.477500745451373,26.048702471510424,44.43486436204204
21,veh_19,290.3243646297029,101.13237488184706,3.441780022379109,26.04867802550697,44.435628079418294
21,veh_24,227.7174676595815,74.72658446288335,3.256293199846533,26.047895328769243,44.43538383134699
21,veh_26,287.371347930039,58.13606424666992,11.31592282726629,26.04864720554318,44.43524073576188
21,veh_b6225d26-18b8-45d5-aa96-ca2f142692cf,274.95047163450846,54.17691211835958,4.338390301230709,26.04849173625535,44.435203797195214
22,veh_1,294.54745754741054,116.1943786221323,3.568134605920414,26.048728882225664,44.435764103133565
22,veh_10,312.07228693177467,141.02881891511825,19.11638065643677,26.048945428333408,44.4359894858979
22,veh_17,291.0017980927558,32.71688912994729,10.53394401173142,26.048696528590174,44.43501230298755
22,veh_18,291.2743256067589,16.82759531352003,5.4911400332859435,26.048702273037126,44.4348693027805
22,veh_19,290.3292295922589,101.48427384006138,3.517290670927138,26.048678035230793,44.43563124757308
22,veh_24,227.39437903616485,74.72446521729148,3.230886234166291,26.04789126999878,44.435383778432325
22,veh_26,287.3905476524281,57.00874721333667,11.274503647387156,26.048647611409525,44.43523059013906
22,veh_b6225d26-18b8-45d5-aa96-ca2f142692cf,274.95159038797016,53.731450813539546,4.455114851917216,26.048491815384413,44.435199787457826
23,veh_1,294.66367903948117,116.54863822085096,3.7283376717637737,26.048730290629564,44.43576730419037
23,veh_10,313.9730376277471,140.83659240526475,19.10430412386039,26.04896933647942,44.435987954407516
23,veh_17,290.9837524305737,33.76901346158477,10.523732373227492,26.048696148215093,44.43502177187878
23,veh_18,291.2648863271572,17.37793786353695,5.504727469769473,26.04870207407268,44.434874255744475
23,veh_19,290.3667660419805,101.84119872853287,3.5895815226260925,26.048678454686215,44.435634464388144
23,veh_24,227.0757932761012,74.72237550747592,3.18585760063649,26.047887267795115,44.43538372625498
23,veh_26,287.40967570497645,55.88563829461247,11.2324175242246,26.048648015760662,44.43522048238838
23,veh_b6225d26-18b8-45d5-aa96-ca2f142692cf,274.95273612310115,53.27524604285321,4.562561612890895,26.04849189642187,44.435195681015145
24,veh_1,294.7846682511829,116.91743050550592,3.881284156895925,26.048731756810156,44.43577063656313
24,veh_10,315.87260311024585,140.64448575828962,19.092391631232235,26.048993229716334,44.435986423867085
24,veh_17,290.9657237134334,34.82014983885367,10.513850492294612,26.04869576819704,44.43503123187863
24,veh_18,291.2554242806015,17.929607805479996,5.518004529300228,26.0487018746283,44.43487922065467
24,veh_19,290.41112505375355,102.2046014019042,3.658883092608857,26.048678958910287,44.43563774022747
24,veh_24,226.7635548905059,74.7203274321977,3.122383855953087,26.04788334532976,44.43538367511707
24,veh_26,287.4287307440002,54.766816385268946,11.189542360034077,26.048648418568188,44.435210413219906
24,veh_b6225d26-18b8-45d5-aa96-ca2f142692cf,274.95390652756276,52.80921852516518,4.66080014804621,26.048491979204158,44.43519148615481
25,veh_1,294.9101793312686,117.30000608661167,4.0263438351214145,26.04873327778817,44.43577409348047
25,veh_10,317.77099827584806,140.45249746767382,19.080628862995745,26.049017108231528,44.435984894264585
25,veh_17,290.9477114542301,35.87032666164524,10.50425267746084,26.048695388525744,44.43504068324267
25,veh_18,291.24594030158806,18.482556485342748,5.530794933663865,26.048701674721578,44.43488419707323
25,veh_19,290.45629030051987,102.57460900041302,3.725384113884625,26.048679472298804,44.43564107560589
25,veh_24,226.45935921690105,74.71833211173876,3.041956736048541,26.04787952390022,44.43538362529625
25,veh_26,287.44771121736096,53.65237261953733,11.145755745743996,26.048648819799286,44.43520038345379
25,veh_b6225d26-18b8-45d5-aa96-ca2f142692cf,274.95509933963467,52.33426882428803,4.750032030607555,26.048492063571313,44.43518721098309
26,veh_1,295.03994996339674,117.69556538673892,4.162988512986535,26.0487348503848,44.43577766771747
26,veh_10,319.6682366423391,140.26062616633826,19.06900196101601,26.04904097219504,44.43598336558919
26,veh_17,290.9297152377448,36.919568138658065,10.494897006884903,26.04869500919246,44.43505012618878
26,veh_18,291.23643542197533,19.036723742209425,5.5429835865443335,26.04870147437427,44.434889184458704
26,veh_19,290.5022296140136,102.9509579917268,3.7892317865018703,26.048679994486108,44.43564446814788
26,veh_24,226.1374125120581,74.71622035637009,3.21946704842998,26.047875479475035,44.43538357256804
26,veh_26,287.46661536302,52.54241045601176,11.100934423148674,26.04864921941672,44.43519039402117
26,veh_b6225d26-18b8-45d5-aa96-ca2f142692cf,274.95631237749734,51.851265689433035,4.830575442426811,26.04849214936901,44.43518286331988
27,veh_1,295.1737051895402,118.10327029480626,4.290812650407828,26.048736471268047,44.43578135170101
27,veh_10,321.56433039140256,140.06887062232616,19.057497496233715,26.049064821760098,44.43598183783105
27,veh_17,290.91166232518526,37.972115192301025,10.527960593334386,26.048694628663952,44.43505959888436
27,veh_18,291.2269107930114,19.592042454355195,5.554500863383769,26.048701273610632,44.43489418220704
27,veh_19,290.54891214180174,103.33339562322196,3.850534644871115,26.048680525121508,44.43564791557497
27,veh_24,225.79828748376275,74.71399592267227,3.391250282952885,26.047871219248787,44.435383517026224
27,veh_26,287.48544120671704,51.43704581393957,11.054953770978615,26.04864961737875,44.43518044596527
27,veh_b6225d26-18b8-45d5-aa96-ca2f142692cf,274.95754356357196,51.36103636361666,4.90284549220779,26.04849223645031,44.435178450611446
28,veh_1,295.31116169349525,118.52225722282468,4.409548120524826,26.04873813700462,44.43578513762781
28,veh_10,323.45929040861745,139.87722973475843,19.04610244159765,26.049088657063617,44.43598031098141
28,veh_17,290.89355634096444,39.027756506803925,10.558910522162904,26.04869424701663,44.43506909942759
28,veh_18,291.2173676168624,20.148442531344507,5.565317070051646,26.04870107245601,44.4348991896874
28,veh_19,290.60384430061424,103.72018558972668,3.909367484407929,26.048681158764907,44.43565140304325
28,veh_24,225.45343548376275,74.71173392386487,3.44852,26.04786688707801,44.435383460546284
28,veh_26,287.50418655881117,50.336407258693264,11.00768731302514,26.0486500136391,44.435170540443195
28,veh_b6225d26-18b8-45d5-aa96-ca2f142692cf,274.95879094332344,50.86435909668687,4.967332166825366,26.048492324676964,44.43517397986306
29,veh_1,295.45203231986767,118.9516508804074,4.519071763679744,26.048739844114706,44.43578901758883
29,veh_10,325.3531263208805,139.68570253004876,19.034804146186044,26.04911247822669,44.43597878503253
29,veh_17,290.87540070888247,40.08629246281093,10.587863785184725,26.04869386432265,44.43507862602195
29,veh_18,291.2078071099733,20.705853050244514,5.575423879605455,26.04870087093604,44.434904206261535
29,veh_19,290.7093668520354,104.10270483862836,3.965777698933172,26.048682428620783,44.435654857362465
29,veh_24,225.10858348376277,74.70947192505747,3.44852,26.04786255490724,44.43538340406617
29,veh_26,287.5228490103203,49.240636234320334,10.959006247306313,26.04865040814684,44.43516067872786
29,veh_78d2d987-a03b-4967-97cd-5eb1398e6285,274.9365736980804,59.71074339374886,0.77,26.04849075325757,44.43525360895157
29,veh_b6225d26-18b8-45d5-aa96-ca2f142692cf,274.96005269839696,50.36195791475755,5.024577764702462,26.048492413920354,44.435169457591904
30,veh_1,295.5960305865513,119.3905780294456,4.619405178682864,26.048741589126653,44.43579298369356
30,veh_10,327.2458465313638,139.49428815836848,19.023590310432738,26.04913628535502,44.43597725997765
30,veh_17,290.8571986592338,41.147534723018055,10.614933229609145,26.04869348065011,44.435088176972435
30,veh_18,291.1982304760688,21.264203829754948,5.584828710125644,26.048700669076098,44.434909231297794
30,veh_19,290.81632664108616,104.4904340739374,4.019792360850043,26.04868371577249,44.43565835873015
30,veh_24,224.76373148376277,74.70720992625009,3.44852,26.047858222736483,44.435383347585905
30,veh_26,287.5414259281944,48.14988734108569,10.90877899608778,26.048650800846314,44.43515086221066
30,veh_78d2d987-a03b-4967-97cd-5eb1398e6285,274.9367754221963,59.630421597245714,0.8033084460128843,26.04849076752549,44.43525288594981
30,veh_b6225d26-18b8-45d5-aa96-ca2f142692cf,274.96132715435016,49.85449954140731,5.075155375741897,26.048492504062054,44.43516488979938
31,veh_1,295.74287495774513,119.83818050887004,4.710707040964044,26.04874336862874,44.43579702818774
31,veh_10,329.1374582521094,139.30298589035016,19.012448962379707,26.049160078539323,44.43597573581096
31,veh_17,290.8389532362024,42.21130580099864,10.640227389879117,26.048693096063168,44.43509775068172
31,veh_18,291.1886388866912,21.82342656491336,5.593550329429316,26.048700466900875,44.43491426418147
31,veh_19,290.92466029738154,104.8831435780082,4.071425419438992,26.04868501945744,44.435661905071896
31,veh_24,224.41887948376277,74.70494792744269,3.44852,26.047853890565737,44.43538329110547
31,veh_26,287.5599144498589,47.06432865585372,10.8568707774352,26.048651191677013,44.435141092404265
31,veh_78d2d987-a03b-4967-97cd-5eb1398e6285,274.93699566873613,59.54272460737027,0.8770686877513599,26.048490783103492,44.43525209656162
31,veh_b6225d26-18b8-45d5-aa96-ca2f142692cf,274.96261278353944,49.34259224833362,5.119649584600162,26.04849259499401,44.43516028196073
32,veh_1,295.8922926773426,120.29362691936602,4.7932589995120125,26.048745179315652,44.435801143558926
32,veh_10,331.0279675343566,139.11179511402054,19.001368434882277,26.049183857855716,44.43597421252761
32,veh_17,290.8206673054535,43.27743861859286,10.663850373286932,26.048692710622227,44.435107345646145
32,veh_18,291.1790334676109,22.383455619428855,5.601615430545361,26.048700264434107,44.43491930432183
32,veh_19,291.03430465304,105.28060436727016,4.120684485241642,26.048686338915473,44.435665494319814
32,veh_24,224.07402748376276,74.70268592863529,3.44852,26.047849558395,44.43538323462488
32,veh_26,287.5783114770678,45.98414209299785,10.803143199892682,26.04865158057345,44.43513137094584
32,veh_78d2d987-a03b-4967-97cd-5eb1398e6285,274.93724099681276,59.44504073967148,0.9769487160134148,26.04849080045551,44.435251217278385
32,veh_b6225d26-18b8-45d5-aa96-ca2f142692cf,274.96390820390377,48.82678633972596,5.158640131656278,26.04849268661847,44.4351556390294
33,veh_1,296.0440230127285,120.75612251092652,4.86744676298558,26.048747018027765,44.4358053226258
33,veh_10,332.9173792966884,138.920715331954,18.99033734369792,26.049207623366065,44.43597269012361
33,veh_17,290.8023435618389,44.34577605664975,10.68590179348119,26.048692324384096,44.43511696045165
33,veh_18,291.1694152897874,22.94422855266957,5.609055977624158,26.04870006169836,44.43492435115693
33,veh_19,291.14519673269285,105.6825881560116,4.167576793326907,26.048687673388756,44.43566912441242
33,veh_24,223.72917548376276,74.7004239298279,3.44852,26.04784522622428,44.435383178144114
33,veh_26,287.5966136691106,44.909523803266474,10.747453882872277,26.048651967464995,44.435121699600735
33,veh_78d2d987-a03b-4967-97cd-5eb1398e6285,274.93751583664846,59.33560598392004,1.0944708336926106,26.048490819894887,44.43525023222173
33,veh_b6225d26-18b8-45d5-aa96-ca2f142692cf,274.9652121744699,48.30757594195927,5.192688858339227,26.048492778847667,44.43515096545319
34,veh_1,296.1978198181352,121.22491699632596,4.9337382714587985,26.048748881782217,44.435809558608874
34,veh_10,334.80569735107997,138.7297461586383,18.979344566393586,26.049231375118325,44.43597116859593
34,veh_17,290.7839845371441,45.416170503337064,10.706476746141345,26.048691937402136,44.43512659376976
34,veh_18,291.159785363832,23.505686442512513,5.615907164078425,26.04869985871494,44.434929404156506
34,veh_19,291.2572738731756,106.0888677902616,4.212114077044772,26.048689022123202,44.435672793298416
34,veh_24,223.38432348376276,74.69816193102051,3.44852,26.047840894053564,44.435383121663186
34,veh_26,287.6148174354223,43.84068460766833,10.68965610641975,26.048652352275763,44.43511208026627
34,veh_78d2d987-a03b-4967-97cd-5eb1398e6285,274.937823271849,59.2131925208189,1.224272527457384,26.04849084163973,44.43524913033963
34,veh_b6225d26-18b8-45d5-aa96-ca2f142692cf,274.9665235884023,47.785401770868475,5.222329930214737,26.0484928716033,44.435146265199116
35,veh_1,296.3534533860461,121.69931019445988,4.992660857259765,26.048750767795365,44.43581384518135
35,veh_10,336.69292442692387,138.53888731804486,18.968379222010288,26.04925511314682,44.435969647942365
35,veh_17,290.7655926078147,46.48848340368765,10.72566582134443,26.04869154972644,44.43513624435353
35,veh_18,291.1501446371376,24.067774052682147,5.622205857102451,26.048699655503814,44.434934462823406
35,veh_19,291.370473940391,106.49921803391724,4.254316219939246,26.0486903843711,44.43567649894382
35,veh_24,223.03947148376275,74.69589993221311,3.44852,26.047836561882864,44.435383065182116
35,veh_26,287.63291892765636,42.777850462954774,10.62959849520741,26.048652734924396,44.43510251497602
35,veh_78d2d987-a03b-4967-97cd-5eb1398e6285,274.93816548733923,59.07693036476,1.3627750573251478,26.048490865844574,44.4352479038011
35,veh_b6225d26-18b8-45d5-aa96-ca2f142692cf,274.9678414643597,47.26065457349028,5.248063091554051,26.048492964815974,44.43514154178443
36,veh_1,296.51071160746017,122.17865556699648,5.044779073532331,26.04875267349681,44.43581817650119
36,veh_10,338.57906219310115,138.3481386413965,18.957430651427103,26.049278837472556,44.43596812816159
36,veh_17,290.74717000260677,47.562584813534215,10.743555147459867,26.04869116140398,44.435145911033466
36,veh_18,291.14049399301445,24.630439883142856,5.627989427934414,26.048699452083603,44.434939526694166
36,veh_19,291.50098583367185,106.9083005690218,4.294213673549194,26.048691964300254,44.43568019498942
36,veh_24,222.69461948376275,74.69363793340571,3.44852,26.04783222971217,44.43538300870085
36,veh_26,287.6509140312867,41.72126295466123,10.56712474290983,26.048653115323923,44.435093005904214
36,veh_78d2d987-a03b-4967-97cd-5eb1398e6285,274.9385440395469,58.926199782774155,1.5074756150022637,26.04849089261951,44.43524654702771
36,veh_b6225d26-18b8-45d5-aa96-ca2f142692cf,274.9691649368196,46.73367898047355,5.270349558184835,26.048493058424462,44.43513679831124
37,veh_1,296.6694005024252,122.66236183551742,5.090674492710617,26.04875459653586,44.43582254722564
37,veh_10,340.46411127816344,138.15750006512667,18.946488398369763,26.049302548103434,44.43596660925308
37,veh_17,290.72871881011673,48.63835296050378,10.760226461763178,26.048690772478793,44.43515559271366
37,veh_18,291.1308342513088,25.193636134039068,5.633294887128414,26.04869924847159,44.43494459533858
37,veh_19,291.63602025557145,107.3199046472614,4.331848724220566,26.048693600679805,44.43568391420614
37,veh_24,222.34976748376275,74.69137593459833,3.44852,26.04782789754149,44.43538295221941
37,veh_26,287.6687983568233,40.671179812910914,10.502073384554317,26.04865349338156,44.43508355537034
37,veh_78d2d987-a03b-4967-97cd-5eb1398e6285,274.9389600256442,58.76056390674971,1.656545345919438,26.048490922042127,44.435245056087105
37,veh_b6225d26-18b8-45d5-aa96-ca2f142692cf,274.970493245919,46.20477755144356,5.289610087735205,26.04849315237502,44.435132037503
38,veh_1,296.8293442091353,123.14989294828482,5.1309283374737085,26.04875653478138,44.43582695251098
38,veh_10,342.3480712886843,137.9669716290233,18.93554219101198,26.049326245034504,44.4359650912172
38,veh_17,290.7102409861517,49.715673814300416,10.77575720334095,26.04869038299209,44.435165288367884
38,veh_18,291.12116617009195,25.75731860719116,5.638158259964614,26.048699044683747,44.434949668358904
38,veh_19,291.7721590256271,107.73487493537868,4.367275758924509,26.048695250442314,44.43568766383961
38,veh_24,222.02833993824953,74.61399609242196,3.44852,26.047823870641906,44.43538222201239
38,veh_26,287.686567230737,39.62787544526737,10.434277626012683,26.048653868998514,44.43507416584404
38,veh_78d2d987-a03b-4967-97cd-5eb1398e6285,274.9394141924639,58.57972536541067,1.8085891245797447,26.048490954165267,44.4352434283025
38,veh_b6225d26-18b8-45d5-aa96-ca2f142692cf,274.97182572723864,45.674214842463115,5.306224758640218,26.048493246620655,44.435127261741044
39,veh_1,296.990384533479,123.64076670720084,5.166107380199382,26.048758486316327,44.43583138800014
39,veh_10,344.23094082583395,137.7765534745527,18.924581924120215,26.049349928248184,44.43596357405506
39,veh_17,290.6917383609091,50.79444066810174,10.790220624253571,26.04868999298246,44.435174997035745
39,veh_18,291.11149044809895,26.321446563942835,5.642614149860605,26.048698840734804,44.434954745388474
39,veh_19,291.9093353700749,108.15300789746652,4.400560718741183,26.048696912778617,44.43569144205066
39,veh_24,221.7432873157333,74.4199686770958,3.448519999999051,26.047820317786037,44.43538044560326
39,veh_26,287.7042156862098,38.59164147983424,10.363565241517,26.04865424206979,44.435064839949895
39,veh_78d2d987-a03b-4967-97cd-5eb1398e6285,274.9399070078916,58.383497857757206,1.96249612310279,26.04849098902201,44.43524166199696
39,veh_b6225d26-18b8-45d5-aa96-ca2f142692cf,274.97316180185226,45.14222136835522,5.320534021644396,26.048493341120423,44.435122473100314
40,veh_1,297.1523801632664,124.13455237265909,5.196753185979346,26.048760449428244,44.43583584980096
40,veh_10,346.1127175002271,137.58624584335791,18.913597641694825,26.04937359771441,44.4359620577686
40,veh_17,290.67321264594074,51.87455373253049,10.803685915317551,26.048689602485968,44.43518471781921
40,veh_18,291.1018077276643,26.8859825539706,5.646695447923787,26.048698636638303,44.434959826090235
40,veh_19,292.0474848948213,108.574107251191,4.431779942519701,26.048698586908365,44.435695247065745
40,veh_24,221.4582346932172,74.22594126176968,3.448519999998322,26.04781676493039,44.43537866919401
40,veh_26,287.72173845384793,37.56278731052715,10.289758551934607,26.048654612484007,44.4350555804724
40,veh_78d2d987-a03b-4967-97cd-5eb1398e6285,274.9404387081905,58.17178730932165,2.117343972275726,26.04849102662907,44.435239756323725
40,veh_b6225d26-18b8-45d5-aa96-ca2f142692cf,274.9745009668632,44.60899737075279,5.332840642751271,26.048493435838747,44.43511767338325
41,veh_1,297.3152056453122,124.63086754555042,5.22337450516985,26.04876242259686,44.43584033445815
41,veh_10,347.9360402681031,137.96510888551646,18.902579520062837,26.049396449725556,44.435965658799354
41,veh_17,290.65466544088196,52.955919743338136,10.816218343256956,26.04868921153634,44.43519444987889
41,veh_18,291.09211859796363,27.45089222631272,5.650433155104025,26.048698432406663,44.43496491015505
41,veh_19,292.1865458606446,108.997984806644,4.461018597454127,26.048700272083398,44.43569907718438
41,veh_24,221.17318207070107,74.03191384644359,3.4485199999977625,26.047813212074956,44.43537689278464
41,veh_26,287.7391299525209,36.54164063497221,10.21267449851286,26.048654980123185,44.435046390360746
41,veh_78d2d987-a03b-4967-97cd-5eb1398e6285,274.9410093295715,57.944579301795855,2.272336020772045,26.048491066989005,44.43523771115296
41,veh_b6225d26-18b8-45d5-aa96-ca2f142692cf,274.9758427865735,44.07471633436381,5.343412221350784,26.04849353074481,44.43511286415144
42,veh_1,297.47875021211,125.12937459079814,5.246442448304137,26.048764404479854,44.43584483892086
42,veh_10,349.7398800275528,138.52646006065768,18.89151785137941,26.04941903033195,44.4359709004696
42,veh_17,290.63609823993033,54.03845158364934,10.827879396346711,26.04868882016507,44.43520419243078
42,veh_18,291.08242359841216,28.01614413119611,5.653856290151462,26.048698228051254,44.4349699972999
42,veh_19,292.3264594021196,109.4244611336568,4.488368873753709,26.048701967590368,44.43570293078525
42,veh_24,220.916529063754,73.81305812750804,3.4485199999973326,26.047810019643997,44.43537489585596
42,veh_26,287.75638428051707,35.52854797380703,10.132124828873772,26.048655344862574,44.43503727273357
42,veh_78d2d987-a03b-4967-97cd-5eb1398e6285,274.9416187293663,57.70193064230831,2.4267599339913435,26.048491110091724,44.43523552699604
42,veh_b6225d26-18b8-45d5-aa96-ca2f142692cf,274.9771868843664,43.53952821904932,5.352484032413136,26.048493625811986,44.43510804675475
43,veh_1,297.6429165306345,125.6297768235304,5.266387988013628,26.048766393897733,44.43584936050826
43,veh_10,351.54265849794155,139.0874809648542,18.880403027496843,26.049441597657147,44.435976139051476
43,veh_17,290.6175124380651,55.12206792136394,10.838726936024123,26.048688428401558,44.43521394474288
43,veh_18,291.07272322211134,28.581709519107857,5.656991862055378,26.048698023582467,44.43497508726599
43,veh_19,292.4671696875688,109.85336604935452,4.513928092800778,26.0487036727527,44.43570680633058
43,veh_24,220.76232035096425,73.50464070192851,3.448519999997002,26.04780812735084,44.435372103461034
43,veh_26,287.7734952072394,34.52387515827101,10.047916414160373,26.048655706570464,44.43502823088327
43,veh_78d2d987-a03b-4967-97cd-5eb1398e6285,274.9422666004087,57.44396363726601,2.5799606453649,26.048491155915503,44.43523320495387
43,veh_b6225d26-18b8-45d5-aa96-ca2f142692cf,274.9785329353368,43.00356239442855,5.360262001550763,26.04849372101728,44.435103222357625
44,veh_1,297.8076194309358,126.13181463365478,5.283601310752415,26.048768389818374,44.43585389687455
44,veh_10,353.34436969437775,139.64816973562017,18.8692255241615,26.04946415162622,44.43598137452759
44,veh_17,290.59890933699984,56.20669286209409,10.848815352275896,26.048688036273248,44.435223706132156
44,veh_18,291.0630179192606,29.14756214186898,5.659864890073542,26.048697819009796,44.43498017981715
44,veh_19,292.6086240210257,110.2845389289542,4.537796846913372,26.048705386931815,44.435710702369015
44,veh_24,220.6081116381745,73.196223276349,3.4485199999967486,26.047806235057855,44.43536931106606
44,veh_26,287.79045616570016,33.52800777087027,9.959851718344972,26.048656065108045,44.43501926828001
44,veh_78d2d987-a03b-4967-97cd-5eb1398e6285,274.9429524811485,57.170862065062856,2.731323365776356,26.048491204427695,44.43523074668068
44,veh_b6225d26-18b8-45d5-aa96-ca2f142692cf,274.9798806596661,42.46693027766548,5.366925673539257,26.048493816340912,44.435098391962995
45,veh_1,297.9727846580616,126.6352616815408,5.298432565160927,26.04877039134194,44.43585844597454
45,veh_10,355.14500672908406,140.2085242294936,18.85797588550056,26.049486692152943,44.43598660687796
45,veh_17,290.5802901508653,57.29225561782499,10.858195720913857,26.048687643805724,44.43523347596156
45,veh_18,291.0533081004761,29.71367805913887,5.6624984580483915,26.04869761434189,44.4349852747379
45,veh_19,292.7507728899061,110.71782885107363,4.560077257685012,26.04870710952771,44.43571461753684
45,veh_24,220.64800460273676,72.88877150685514,3.448519999996554,26.047806781193295,44.43536654769425
45,veh_26,287.80726024611346,32.54135152160155,9.86772944271595,26.048656420329248,44.4350103885751
45,veh_78d2d987-a03b-4967-97cd-5eb1398e6285,274.9436757633364,56.8828681162315,2.8802639080384704,26.048491255585276,44.435228154356544
45,veh_b6225d26-18b8-45d5-aa96-ca2f142692cf,274.98122981671725,41.929727684760664,5.372631077587236,26.048493911765856,44.435093556433316
46,veh_1,298.1383476783236,127.1399212593496,5.311193605385416,26.048772397686395,44.43586300603081
46,veh_10,356.9445618164697,140.7685420236149,18.8466447087616,26.04950921913984,44.43599183607994
46,veh_17,290.56165601162263,58.378690191328005,10.866915961132504,26.04868725102285,44.43524325363712
46,veh_18,291.04359413997554,30.280035452736925,5.664913792601279,26.04869740958664,44.43499037183187
46,veh_19,292.89356996390546,111.15309459437071,4.580871411339046,26.04870883997895,44.435718550557944
46,veh_24,220.8052743603856,72.58190368705252,3.4485199999964045,26.04780880189025,44.43536380187325
46,veh_26,287.8239001909258,31.56433253973941,9.771345370344427,26.04865677208066,44.435001595603616
46,veh_78d2d987-a03b-4967-97cd-5eb1398e6285,274.9444356986528,56.580279754064726,3.0262244817226134,26.04849130933532,44.4352254306635
46,veh_b6225d26-18b8-45d5-aa96-ca2f142692cf,274.98258019980744,41.39203691195772,5.377513426493946,26.048494007277494,44.435088716509384
47,veh_1,298.30425256040456,127.64562288048988,5.322160391952128,26.048774408173944,44.43586757550284
47,veh_10,358.7430262767661,141.3282204168582,18.835222629269197,26.049531732478258,44.435997062108356
47,veh_17,290.5430079742073,59.46593507621836,10.875020991995392,26.04868685794687,44.435253038605275
47,veh_18,291.0338763786016,30.84661445036155,5.667130357125429,26.048697204751228,44.43499547092025
47,veh_19,293.0369720516992,111.5902045055594,4.600280005060452,26.048710577762122,44.43572250024277
47,veh_24,220.96465909785832,72.27693276057661,3.4485199999962894,26.047810848880957,44.435361073348766
47,veh_26,287.84036839166953,30.597397558570428,9.670493436741516,26.048657120201455,44.434992893386045
47,veh_78d2d987-a03b-4967-97cd-5eb1398e6285,274.9452314053194,56.26344808192558,3.16867362626509,26.048491365615448,44.43522257876193
47,veh_b6225d26-18b8-45d5-aa96-ca2f142692cf,274.9839316316075,40.853928567568985,5.381689612738353,26.048494102863284,44.43508387282675
48,veh_1,298.4704507808893,128.1522186387072,5.3315705673156275,26.048776422216573,44.43587215305419
48,veh_10,360.540390538244,141.88755643052124,18.823700305563804,26.049554232048365,44.43600228493537
48,veh_17,290.52434702140954,60.55393297243853,10.882552886725474,26.048686464598482,44.435262830350354
48,veh_18,291.02415512666767,31.413396959664567,5.669165955365919,26.048696999842203,44.43500057184015
48,veh_19,293.180939022464,112.02903626019642,4.618401218476913,26.04871232239093,44.43572646548598
48,veh_24,221.2526705741828,72.08732520532966,3.448519999996201,26.04781449499081,44.435359396748964
48,veh_26,287.85665688807137,29.641013967752976,9.564967053758002,26.048657464523362,44.434984286128845
48,veh_78d2d987-a03b-4967-97cd-5eb1398e6285,274.94606187546975,55.93277440854028,3.3071092314786843,26.04849142435439,44.435219602264155
48,veh_b6225d26-18b8-45d5-aa96-ca2f142692cf,274.98528396011267,40.31546317630438,5.385260483703613,26.048494198512476,44.43507902593023
49,veh_1,298.6369001912736,128.65958005938035,5.339628635997784,26.048778439303508,44.43587673752393
49,veh_10,362.3366441380248,142.44654680857803,18.8120684046888,26.049576717719177,44.43600750453059
49,veh_17,290.5056740684949,61.642630516855085,10.88955102387794,26.048686070996993,44.4352726283921
49,veh_18,291.01443066661824,31.980366513167752,5.671036839866269,26.04869679486551,44.43500567444342
49,veh_19,293.32543369537166,112.46947652584149,4.63532968621195,26.048714073414796,44.435730445263516
49,veh_24,221.5406820505073,71.89771765008273,3.4485199999961336,26.04781814110045,44.43535772014904
49,veh_26,287.8727573698925,28.695669705272714,9.454560713817974,26.048657804870714,44.43497577822332
49,veh_78d2d987-a03b-4967-97cd-5eb1398e6285,274.94692598382574,55.58870679314941,3.441063739556124,26.04849148547254,44.43521650520329
49,veh_b6225d26-18b8-45d5-aa96-ca2f142692cf,274.98663705512837,39.776692578600155,5.388312891908946,26.048494294215857,44.43507417628644
50,veh_1,298.8035645161208,129.16759656983092,5.346523003587339,26.048780458995154,44.43588132791297
50,veh_10,364.13177572149914,143.00518801749777,18.80031758759257,26.049599189348555,44.436012720861044
50,veh_17,290.4869899675722,62.73197802858362,10.896052234654016,26.048685677160357,44.435282432283394
50,veh_18,291.0047032555001,32.547508124154554,5.67275782174635,26.04869658982657,44.43501077859516
50,veh_19,293.4704217057214,112.91142055401048,4.6511557484772235,26.04871583041729,44.43573443862889
50,veh_24,221.82869352683173,71.70811009483579,3.4485199999960816,26.047821787209887,44.43535604354901
50,veh_26,287.8886611820221,27.76187295835838,9.339071900541176,26.04865814106056,44.43496737424307
50,veh_78d2d987-a03b-4967-97cd-5eb1398e6285,274.94782249801915,55.23173593578953,3.5701106945038767,26.04849154888273,44.43521329199629
50,veh_b6225d26-18b8-45d5-aa96-ca2f142692cf,274.9879908052153,39.237661146922584,5.390921525467049,26.04849438996555,44.43506932429479
51,veh_1,298.970412582729,129.67617315124062,5.352417363721336,26.04878248091375,44.43588592336273
51,veh_10,365.9257730403584,143.5634762456324,18.78843849461294,26.049621646783162,44.43601793389114
51,veh_17,290.46829551171675,63.82192926859731,10.902090945772168,26.048685283105293,44.435292241608096
51,veh_18,290.9949731272481,33.11480815341032,5.674342379213166,26.048696384730313,44.43501588417263
51,veh_19,293.61587136418825,113.35477175114474,4.665965230232172,26.048717593014395,44.435738444709294
51,veh_24,222.11670500315617,71.51850253958885,3.4485199999960416,26.047825433319115,44.43535436694883
51,veh_26,287.90435933338716,26.84015164036001,9.218303329384144,26.04865847290284,44.4349590789392
51,veh_78d2d987-a03b-4967-97cd-5eb1398e6285,274.94875009069733,54.862390357056,3.693871848129411,26.048491614491088,44.435209967400525
51,veh_b6225d26-18b8-45d5-aa96-ca2f142692cf,274.98934511504234,38.69840683989524,5.3931505300295575,26.048494485754812,44.43506447029697
52,veh_1,299.13741763872775,130.18522825858813,5.357453518810014,26.048784504735114,44.43589052313637
52,veh_10,367.718622949246,144.1214074021742,18.776421731011823,26.04964408985843,44.43602314358268
52,veh_17,290.4495914388569,64.91244121313055,10.907699317450902,26.048684888847358,44.43530205597899
52,veh_18,290.9852404947904,33.68225418649821,5.675802762942041,26.048696179581228,44.4350209910641
52,veh_19,293.7617535052598,113.79944121662386,4.67983909434036,26.048719360852672,44.43574246270141
52,veh_24,222.4531872404524,71.49192196641536,3.448519999996011,26.04782966455168,44.43535416292507
52,veh_26,287.91984251027264,25.931052608643935,9.09206553777769,26.048658800200673,44.434950897233314
52,veh_78d2d987-a03b-4967-97cd-5eb1398e6285,274.94970735336614,54.48123088615422,3.812024077937438,26.048491682197984,44.43520653646419
52,veh_b6225d26-18b8-45d5-aa96-ca2f142692cf,274.9906999030977,38.158962113613775,5.395054937074476,26.04849458157787,44.43505961458512
53,veh_1,299.3045567512658,130.69469198928914,5.361753997464247,26.048786530181324,44.435895126602254
53,veh_10,369.51031140102833,144.6789771156846,18.764257852528413,26.049666518398517,44.43602834989488
53,veh_17,290.43087843543276,66.00347384035612,10.912907376176284,26.048684494401016,44.4353118750359
53,veh_18,290.9755055519797,34.24983492112896,5.677150097039915,26.0486959743834,44.43502609916783
53,veh_19,293.9080413295279,114.24534726204928,4.692853244456837,26.048721133607366,44.43574649186712
53,veh_24,222.81454007132857,71.49429078711836,3.6113748353952744,26.04783420401047,44.43535422209628
53,veh_26,287.9351010946704,25.035140587234892,8.960179838006962,26.048659122750756,44.43494283420783
53,veh_78d2d987-a03b-4967-97cd-5eb1398e6285,274.95069281175375,54.088844543465,3.924305442670171,26.048491751899142,44.435203004471255
53,veh_b6225d26-18b8-45d5-aa96-ca2f142692cf,274.9920550997144,37.619354707844394,5.396681915208999,26.048494677429808,44.435054757408935
54,veh_1,299.4718102807494,131.2045044790749,5.365424446024594,26.048788557014394,44.43589973321944
54,veh_10,371.1143277729446,145.64420983833963,18.751937350919462,26.04968652964338,44.436037206194925
54,veh_17,290.4121571398368,67.09498992979225,10.917743142029684,26.048684099779727,44.435321698443836
54,veh_18,290.9657684753615,34.81754006409854,5.678394474746658,26.048695769140554,44.43503120839122
54,veh_19,294.05471024373634,114.6924149236862,4.705078453024713,26.048722910980448,44.43575053152905
54,veh_24,223.1914346951616,71.49676149085028,3.766700144028474,26.047838938711493,44.435354283812224
54,veh_26,287.9501251882819,24.15299675747501,8.822481637433052,26.048659440343847,44.434934895093235
54,veh_78d2d987-a03b-4967-97cd-5eb1398e6285,274.9517049423353,53.68583796072613,4.030519806665857,26.048491823486806,44.43519937688219
54,veh_b6225d26-18b8-45d5-aa96-ca2f142692cf,274.99341064536975,37.07960832307765,5.398071861739841,26.04849477330641,44.43504989898177
55,veh_1,299.63916142186787,131.71461450297386,5.368555787128496,26.048790585030662,44.4359043425251
55,veh_10,372.7062878443292,146.6328406325583,18.739450639455494,26.04970638601106,44.4360462718508
55,veh_17,290.39342814564554,68.18695487388169,10.922232750438072,26.048683704995998,44.43533152589136
55,veh_18,290.95602942578705,35.38536023721733,5.679545048370593,26.048695563856075,44.43503631864986
55,veh_19,294.20173770175296,115.14057547772498,4.716580390947435,26.048724692698702,44.43575458106624
55,veh_24,223.58305101717883,71.49932870154288,3.913829392270092,26.04784385835239,44.43535434793864
55,veh_26,287.96490464278975,23.285216980645316,8.678824119304515,26.04865975276543,44.434927085252205
55,veh_78d2d987-a03b-4967-97cd-5eb1398e6285,274.9527421895525,53.27283052466424,4.130539605667662,26.048491896850948,44.435195659272296
55,veh_b6225d26-18b8-45d5-aa96-ca2f142692cf,274.9947664892235,36.53974320270976,5.399259351504799,26.04849486920408,44.43504503948579
56,veh_1,299.80659580475884,132.22497825960693,5.371226148960885,26.048792614055998,44.43590895412341
56,veh_10,374.2971721981936,147.62080339025675,18.726788038341827,26.049726228967586,44.43605533137741
56,veh_17,290.3746920046521,69.27933650117902,10.926400568282734,26.048683310061467,44.43534135708891
56,veh_18,290.9462885498833,35.95328689162951,5.680610113211951,26.048695358533056,44.43504142986678
56,veh_19,294.34910304896744,115.5897659659827,4.727419737465675,26.04872647851183,44.43575863990979
56,veh_24,223.98851277930297,71.50198667495371,4.0522012817769175,26.04784895192526,44.435354414331975
56,veh_26,287.97942909697485,22.432409618594303,8.529082263161783,26.04866005979649,44.43491941015982
56,veh_78d2d987-a03b-4967-97cd-5eb1398e6285,274.95380298319594,52.85044745569726,4.224306496191523,26.0484919718805,44.43519185726937
56,veh_b6225d26-18b8-45d5-aa96-ca2f142692cf,274.99612258786215,35.999776633004025,5.400273959163931,26.048494965119747,44.43504017907666
57,veh_1,299.974101149497,132.7355583180191,5.373502575836122,26.048794643941587,44.43591356767618
57,veh_10,375.88696506082664,148.60808831572666,18.713939760033373,26.049746058316202,44.436064384684975
57,veh_17,290.35594922970967,70.3721049105817,10.930269304363504,26.048682914986937,44.43535119176742
57,veh_18,290.936545981389,36.52131222991642,5.681597185420001,26.048695153174318,44.435046541971836
57,veh_19,294.4967873720193,116.0399287378528,4.737652351155603,26.048728268190636,44.43576270753878
57,veh_24,224.40690058047096,71.50472938401977,4.181384639801725,26.04785420788022,44.43535448284169
57,veh_26,287.9936880211944,21.595192922235427,8.373157166659738,26.048660361214438,44.434911875380244
57,veh_78d2d987-a03b-4967-97cd-5eb1398e6285,274.9548857554005,52.41931304084463,4.311829813273121,26.04849204846458,44.435187976492834
57,veh_b6225d26-18b8-45d5-aa96-ca2f142692cf,274.9974789042217,35.459723371976864,5.401140970034333,26.048495061050794,44.43503531788718
58,veh_1,300.1416669675528,133.24632270768407,5.375442534997435,26.048796674560325,44.4359181828945
58,veh_10,377.4756498166296,149.594685090435,18.700895894412145,26.04976587384965,44.43607343167887
58,veh_17,290.33720029739453,71.46523231604536,10.933860114266375,26.048682519782457,44.43536102967676
58,veh_18,290.92680184236684,37.08942913538586,5.682513073869948,26.048694947782433,44.43505165490098
58,veh_19,294.6447733552463,116.49101101273966,4.747329485520094,26.048730061525287,44.43576678347627
58,veh_24,224.837266699208,71.5075506160258,4.3010964310014135,26.04785961431162,44.43535455331256
58,veh_26,288.0076707696326,20.77419196358477,8.210980610703587,26.04866065679424,44.43490448653898
58,veh_78d2d987-a03b-4967-97cd-5eb1398e6285,274.9559889567284,51.980044229741026,4.393182939026117,26.04849212649359,44.43518402249603
58,veh_b6225d26-18b8-45d5-aa96-ca2f142692cf,274.9988354066644,34.91959601697229,5.4018819932738165,26.048495156994978,44.43503045603074
59,veh_1,300.3092843044035,133.75724413394616,5.377095236753455,26.048798705803698,44.43592279953176
59,veh_10,379.0632089964297,150.58058286576664,18.687646393796193,26.049785675350027,44.4360824722596
59,veh_17,290.3184456504993,72.55869290123296,10.93719269972367,26.048682124457365,44.43537087058465
59,veh_18,290.91705624430386,37.65763110796817,5.683363946245619,26.04869474235975,44.43505676859569
59,veh_19,294.79304514480725,116.94296446588626,4.756498035183577,26.048731858323666,44.435770867285626
59,veh_24,225.27865086784655,71.51044407601091,4.41121126821736,26.04786515915618,44.43535462558733
59,veh_26,288.02136664060487,19.97003509504225,8.042519787576067,26.04866094630969,44.434897249291076
59,veh_78d2d987-a03b-4967-97cd-5eb1398e6285,274.9571110708807,51.53324477697323,4.468497838793111,26.048492205860278,44.43518000071356
59,veh_b6225d26-18b8-45d5-aa96-ca2f142692cf,275.0001920681887,34.379405319442284,5.402515489882388,26.04849525295039,44.435025593604145
60,veh_1,300.4769455180368,134.26829930286732,5.3785027858950105,26.0488007375791,44.43592741737746
60,veh_10,380.6496242645033,151.56577025496543,18.674181057748523,26.049805462588616,44.43609150632278
60,veh_17,290.2996857003648,73.652462683559,10.940285402589216,26.04868172902032,44.435380714275226
60,veh_18,290.9073092891065,38.22591220616509,5.684155389582485,26.048694536908414,44.43506188300252
60,veh_19,294.9415882210728,117.39574483940171,4.7652008011041085,26.04873365840982,44.43577495856693
60,veh_24,225.73009607960188,71.51340349039071,4.511761740844172,26.047870830391616,44.43535469950927
60,veh_26,288.0347649450121,19.183349930018693,7.867782088041703,26.048661229534826,44.434890169284955
60,veh_78d2d987-a03b-4967-97cd-5eb1398e6285,274.9582506276699,51.07950007663451,4.537958138192147,26.048492286460665,44.435175916414714
60,veh_b6225d26-18b8-45d5-aa96-ca2f142692cf,275.00154886575217,33.839160454335634,5.403057226667615,26.0484953489154,44.435020730689956
